Shem_Yis_1,town_code,STAT08,MyCluster
ABBIRIM,1220,1,Left
ABU GHOSH,472,1,Arabs
ABU SINAN,473,1,Arabs
ADAMIT,1068,1,Left
ADAMIT,1246,1,Arabs
ADANIM,2035,1,Blue White dominance
ADDERET,1123,1,Likud Dominance
ADDIRIM,113,1,Likud Dominance
ADORA,3759,1,Religious
AFEQ,313,1,Left
AFIQ,4301,1,Blue White dominance
AFULA,7700,11,Likud Dominance
AFULA,7700,13,Likud Dominance
AFULA,7700,15,Likud Dominance
AFULA,7700,16,Likud Dominance
AFULA,7700,18,Likud Dominance
AFULA,7700,21,Likud Dominance
AFULA,7700,23,Likud Dominance
AFULA,7700,24,Likud Dominance
AFULA,7700,26,Likud Dominance
AHAWA,1157,1,Blue White dominance
AHI'EZER,797,1,Ultra Orthodox
AHIHUD,785,1,Likud Dominance
AHISAMAKH,804,1,Likud Dominance
AHITUV,850,1,Tie
AHUZZAM,821,1,Likud Dominance
AHUZZAT BARAQ,1330,1,Tie
AKKO,7600,11,Likud Dominance
AKKO,7600,12,Likud Dominance
AKKO,7600,13,Likud Dominance
AKKO,7600,14,Likud Dominance
AKKO,7600,21,Likud Dominance
AKKO,7600,22,Likud Dominance
AKKO,7600,23,Likud Dominance
AKKO,7600,24,Likud Dominance
AKKO,7600,25,Likud Dominance
AKKO,7600,26,Arabs
AKKO,7600,31,Arabs
AKKO,7600,32,Arabs
AKKO,7600,33,Arabs
AKKO,7600,35,Likud Dominance
AL-ARYAN,1316,1,Arabs
AL SAYYID,957,1,Arabs
AL SAYYID,1170,1,Arabs
AL SAYYID,1359,1,Arabs
ALFE MENASHE,3750,1,Tie
ALLON HAGALIL,1182,1,Left
ALLON SHEVUT,3604,1,Religious
ALLONE ABBA,429,1,Blue White dominance
ALLONE HABASHAN,4017,1,Religious
ALLONE YIZHAQ,868,1,Blue White dominance
ALLONIM,285,1,Left
ALMA,688,1,Likud Dominance
ALMAGOR,1125,1,Blue White dominance
ALMOG,3556,1,Left
ALUMIM,1146,1,Religious
ALUMMOT,330,1,Left
AMAZYA,23,1,Religious
AMAZYA,1365,1,Religious
AMAZYA,1374,1,Religious
AMIR,319,1,Left
AMIRIM,1064,1,Left
AMMI'AD,385,1,Left
AMMI'OZ,318,1,Tie
AMMINADAV,779,1,Tie
AMMIQAM,773,1,Blue White dominance
AMNUN,1253,1,Tie
AMQA,708,1,Likud Dominance
AMUQQA,1212,1,Left
ANI'AM,4012,1,Blue White dominance
AR'ARA,637,1,Arabs
AR'ARA,637,2,Arabs
AR'ARA,637,4,Arabs
AR'ARA,967,1,Arabs
AR'ARA-BANEGEV,1192,1,Arabs
AR'ARA-BANEGEV,1192,3,Arabs
ARAB AL NAIM,1335,1,Likud Dominance
ARAD,2560,1,Ultra Orthodox
ARAD,2560,2,Tie
ARAD,2560,3,Tie
ARAD,2560,5,Tie
ARAD,2560,6,Tie
ARBEL,701,1,Tie
ARI'EL,3570,1,Likud Dominance
ARI'EL,3570,2,Likud Dominance
ARI'EL,3570,3,Likud Dominance
ARI'EL,3570,4,Likud Dominance
ARI'EL,3570,5,Religious
ARRABE,531,2,Arabs
ARUGOT,593,1,Blue White dominance
ASERET,591,1,Blue White dominance
ASHALIM,1152,1,Tie
ASHDOD,70,122,Tie
ASHDOD,70,123,Likud Dominance
ASHDOD,70,125,Likud Dominance
ASHDOD,70,126,Likud Dominance
ASHDOD,70,131,Likud Dominance
ASHDOD,70,132,Likud Dominance
ASHDOD,70,133,Likud Dominance
ASHDOD,70,141,Ultra Orthodox
ASHDOD,70,143,Ultra Orthodox
ASHDOD,70,144,Ultra Orthodox
ASHDOD,70,211,Ultra Orthodox
ASHDOD,70,212,Ultra Orthodox
ASHDOD,70,221,Ultra Orthodox
ASHDOD,70,222,Likud Dominance
ASHDOD,70,223,Ultra Orthodox
ASHDOD,70,231,Likud Dominance
ASHDOD,70,233,Likud Dominance
ASHDOD,70,234,Likud Dominance
ASHDOD,70,241,Likud Dominance
ASHDOD,70,242,Likud Dominance
ASHDOD,70,243,Likud Dominance
ASHDOD,70,244,Tie
ASHDOD,70,314,Likud Dominance
ASHDOD,70,316,Likud Dominance
ASHDOD,70,317,Likud Dominance
ASHDOD,70,321,Tie
ASHDOD,70,322,Ultra Orthodox
ASHDOD,70,323,Likud Dominance
ASHDOD,70,332,Tie
ASHDOD,70,333,Tie
ASHDOD,70,342,Tie
ASHDOD,70,343,Tie
ASHDOD,70,411,Tie
ASHDOD,70,413,Tie
ASHDOD,70,415,Likud Dominance
ASHDOD,70,421,Likud Dominance
ASHDOD,70,422,Likud Dominance
ASHDOD,70,423,Tie
ASHDOD,70,425,Likud Dominance
ASHDOD,70,432,Likud Dominance
ASHDOD,70,433,Tie
ASHDOD,70,434,Likud Dominance
ASHDOD,7100,133,Likud Dominance
ASHDOT YA'AQOV(IHUD),199,1,Blue White dominance
ASHDOT YA'AQOV(ME'UHAD),188,1,Left
ASHERAT,1256,1,Likud Dominance
ASHQELON,1376,215,Religious
ASHQELON,2012,313,Blue White dominance
ASHQELON,7100,111,Likud Dominance
ASHQELON,7100,112,Likud Dominance
ASHQELON,7100,113,Likud Dominance
ASHQELON,7100,114,Likud Dominance
ASHQELON,7100,121,Likud Dominance
ASHQELON,7100,122,Likud Dominance
ASHQELON,7100,123,Likud Dominance
ASHQELON,7100,124,Likud Dominance
ASHQELON,7100,125,Likud Dominance
ASHQELON,7100,127,Likud Dominance
ASHQELON,7100,211,Likud Dominance
ASHQELON,7100,212,Likud Dominance
ASHQELON,7100,213,Likud Dominance
ASHQELON,7100,215,Likud Dominance
ASHQELON,7100,221,Likud Dominance
ASHQELON,7100,223,Likud Dominance
ASHQELON,7100,225,Likud Dominance
ASHQELON,7100,226,Likud Dominance
ASHQELON,7100,311,Likud Dominance
ASHQELON,7100,312,Likud Dominance
ASHQELON,7100,313,Likud Dominance
ASHQELON,7100,314,Likud Dominance
ASHQELON,7100,316,Likud Dominance
ASHQELON,7100,321,Likud Dominance
ASHQELON,7100,323,Likud Dominance
ATLIT,53,1,Tie
ATLIT,3598,1,Likud Dominance
AVDON,892,1,Likud Dominance
AVDON,958,1,Arabs
AVI'EL,679,1,Blue White dominance
AVIHAYIL,175,1,Blue White dominance
AVITAL,2052,1,Likud Dominance
AVIVIM,1115,1,Likud Dominance
AVNE ETAN,4011,1,Religious
AVSHALOM,1311,1,Tie
AVTALYON,1275,1,Blue White dominance
AYANOT,156,1,Tie
AYYELET HASHAHAR,77,1,Left
AZARYA,711,1,Likud Dominance
AZARYA,1050,1,Tie
AZOR,565,1,Tie
AZOR,565,2,Tie
AZOR,565,3,Tie
AZRI'EL,837,1,Likud Dominance
AZRIQAM,817,1,Likud Dominance
BAHAN,2043,1,Blue White dominance
BALFURYA,94,1,Blue White dominance
BAQA -JATT,628,8,Arabs
BAQA -JATT,6000,2,Arabs
BAQA -JATT,6000,3,Arabs
BAR'AM,667,1,Left
BAR GIYYORA,823,1,Likud Dominance
BARAQ,141,1,Tie
BAREQET,2038,1,Likud Dominance
BARQAY,617,1,Left
BASMA,1326,1,Arabs
BASMAT TAB'UN,944,1,Arabs
BAT HADAR,1323,1,Tie
BAT HEFER,1319,1,Blue White dominance
BAT HEN,252,1,Blue White dominance
BAT HEN,1361,1,Blue White dominance
BAT SHELOMO,33,1,Blue White dominance
BAT YAM,6200,111,Tie
BAT YAM,6200,112,Likud Dominance
BAT YAM,6200,114,Tie
BAT YAM,6200,211,Likud Dominance
BAT YAM,6200,214,Likud Dominance
BAT YAM,6200,215,Likud Dominance
BAT YAM,6200,222,Likud Dominance
BAT YAM,6200,224,Likud Dominance
BAT YAM,6200,228,Likud Dominance
BAT YAM,6200,311,Likud Dominance
BAT YAM,6200,315,Tie
BAT YAM,6200,316,Tie
BAT YAM,6200,321,Tie
BAT YAM,6200,322,Tie
BAT YAM,6200,412,Likud Dominance
BAT YAM,6200,413,Likud Dominance
BAT YAM,6200,421,Tie
BAT YAM,6200,423,Tie
BAT YAM,6200,511,Tie
BAT YAM,6200,514,Tie
BAT YAM,6200,521,Tie
BAT YAM,6200,523,Tie
BAT YAM,8300,421,Tie
BAT YAM,9600,222,Likud Dominance
BAZRA,389,1,Blue White dominance
BE'ER ORA,21,1,Tie
BE'ER SHEVA,9000,111,Likud Dominance
BE'ER SHEVA,9000,112,Likud Dominance
BE'ER SHEVA,9000,113,Likud Dominance
BE'ER SHEVA,9000,123,Likud Dominance
BE'ER SHEVA,9000,132,Likud Dominance
BE'ER SHEVA,9000,133,Likud Dominance
BE'ER SHEVA,9000,211,Likud Dominance
BE'ER SHEVA,9000,213,Likud Dominance
BE'ER SHEVA,9000,216,Likud Dominance
BE'ER SHEVA,9000,222,Likud Dominance
BE'ER SHEVA,9000,224,Likud Dominance
BE'ER SHEVA,9000,225,Likud Dominance
BE'ER SHEVA,9000,234,Likud Dominance
BE'ER SHEVA,9000,312,Likud Dominance
BE'ER SHEVA,9000,313,Likud Dominance
BE'ER SHEVA,9000,412,Likud Dominance
BE'ER SHEVA,9000,413,Likud Dominance
BE'ER SHEVA,9000,415,Likud Dominance
BE'ER SHEVA,9000,421,Likud Dominance
BE'ER SHEVA,9000,422,Likud Dominance
BE'ER SHEVA,9000,423,Tie
BE'ER SHEVA,9000,432,Likud Dominance
BE'ER SHEVA,9000,434,Likud Dominance
BE'ER SHEVA,9000,511,Likud Dominance
BE'ER SHEVA,9000,512,Likud Dominance
BE'ER SHEVA,9000,521,Tie
BE'ER SHEVA,9000,522,Likud Dominance
BE'ER SHEVA,9000,523,Likud Dominance
BE'ER SHEVA,9000,611,Likud Dominance
BE'ER SHEVA,9000,612,Likud Dominance
BE'ER SHEVA,9000,613,Likud Dominance
BE'ER SHEVA,9000,614,Likud Dominance
BE'ER SHEVA,9000,631,Likud Dominance
BE'ER SHEVA,9000,632,Likud Dominance
BE'ER SHEVA,9000,633,Likud Dominance
BE'ER SHEVA,9000,634,Tie
BE'ER SHEVA,9000,641,Likud Dominance
BE'ER SHEVA,9000,642,Likud Dominance
BE'ER SHEVA,9000,645,Likud Dominance
BE'ER TOVIYYA,155,1,Blue White dominance
BE'ER YA'AQOV,2530,1,Tie
BE'ERI,399,1,Left
BE'EROT YIZHAQ,450,1,Religious
BE'EROTAYIM,697,1,Blue White dominance
BEIT JANN,480,1,Left
BEN AMMI,712,1,Blue White dominance
BEN SHEMEN (MOSHAV),2013,1,Blue White dominance
BEN SHEMEN(K.NO'AR),1084,1,Left
BEN ZAKKAY,760,1,Likud Dominance
BENAYA,685,1,Blue White dominance
BENE ATAROT,448,1,Blue White dominance
BENE AYISH,166,1,Tie
BENE AYISH,1066,1,Likud Dominance
BENE BERAQ,351,233,Religious
BENE BERAQ,5000,413,Blue White dominance
BENE BERAQ,6100,112,Ultra Orthodox
BENE BERAQ,6100,114,Ultra Orthodox
BENE BERAQ,6100,115,Ultra Orthodox
BENE BERAQ,6100,121,Ultra Orthodox
BENE BERAQ,6100,122,Ultra Orthodox
BENE BERAQ,6100,123,Ultra Orthodox
BENE BERAQ,6100,211,Ultra Orthodox
BENE BERAQ,6100,221,Ultra Orthodox
BENE BERAQ,6100,222,Ultra Orthodox
BENE BERAQ,6100,223,Ultra Orthodox
BENE BERAQ,6100,232,Ultra Orthodox
BENE BERAQ,6100,233,Ultra Orthodox
BENE BERAQ,6100,312,Ultra Orthodox
BENE BERAQ,6100,313,Ultra Orthodox
BENE BERAQ,6100,314,Ultra Orthodox
BENE BERAQ,6100,315,Ultra Orthodox
BENE BERAQ,6100,322,Ultra Orthodox
BENE BERAQ,6100,323,Ultra Orthodox
BENE BERAQ,6100,411,Ultra Orthodox
BENE BERAQ,6100,413,Ultra Orthodox
BENE BERAQ,6100,415,Ultra Orthodox
BENE BERAQ,6100,423,Ultra Orthodox
BENE BERAQ,6100,425,Ultra Orthodox
BENE BERAQ,6100,426,Ultra Orthodox
BENE BERAQ,6100,427,Ultra Orthodox
BENE BERAQ,7900,314,Tie
BENE BERAQ,7900,323,Tie
BENE BERAQ,8600,315,Tie
BENE BERAQ,8600,427,Blue White dominance
BENE DAROM,592,1,Religious
BENE DEROR,386,1,Blue White dominance
BENE RE'EM,588,1,Religious
BENE YEHUDA,4015,1,Tie
BENE ZIYYON,418,1,Blue White dominance
BEQOA,864,1,Likud Dominance
BEREKHYA,746,1,Likud Dominance
BEROR HAYIL,428,1,Left
BEROSH,2060,1,Likud Dominance
BET ALFA,95,1,Left
BET ARIF,604,1,Likud Dominance
BET ARYE,3652,1,Likud Dominance
BET DAGAN,466,1,Likud Dominance
BET EL,3574,1,Religious
BET EL'AZARI,562,1,Blue White dominance
BET EL'AZARI,1412,1,Blue White dominance
BET EZRA,756,1,Tie
BET GAMLI'EL,571,1,Religious
BET HAEMEQ,572,1,Left
BET HAGADDI,723,1,Likud Dominance
BET HALEWI,373,1,Blue White dominance
BET HANAN,159,1,Blue White dominance
BET HANAN,1336,1,Blue White dominance
BET HANANYA,800,1,Blue White dominance
BET HASHITTA,242,1,Blue White dominance
BET HERUT,186,1,Blue White dominance
BET HERUT,877,1,Left
BET HILLEL,322,1,Blue White dominance
BET HILQIYYA,2033,1,Ultra Orthodox
BET LEHEM HAGELILIT,430,1,Blue White dominance
BET ME'IR,751,1,Religious
BET NEHEMYA,784,1,Tie
BET NEQOFA,472,1,Arabs
BET NIR,16,1,Left
BET OREN,317,1,Left
BET OVED,202,1,Blue White dominance
BET QAMA,598,1,Left
BET QESHET,365,1,Left
BET RABBAN,848,1,Religious
BET RIMMON,1162,1,Religious
BET SHE'AN,9200,1,Likud Dominance
BET SHE'AN,9200,2,Likud Dominance
BET SHE'AN,9200,3,Likud Dominance
BET SHE'AN,9200,4,Likud Dominance
BET SHE'ARIM,248,1,Blue White dominance
BET SHEMESH,2610,12,Ultra Orthodox
BET SHEMESH,2610,13,Ultra Orthodox
BET SHEMESH,2610,14,Likud Dominance
BET SHEMESH,2610,15,Likud Dominance
BET SHEMESH,2610,16,Likud Dominance
BET SHEMESH,2610,22,Likud Dominance
BET SHEMESH,2610,24,Likud Dominance
BET SHEMESH,2610,25,Religious
BET SHEMESH,2610,32,Ultra Orthodox
BET SHEMESH,2610,33,Ultra Orthodox
BET SHEMESH,2610,34,Ultra Orthodox
BET SHEMESH,2610,35,Ultra Orthodox
BET SHEMESH,2610,36,Ultra Orthodox
BET SHEMESH,2610,37,Ultra Orthodox
BET SHEMESH,2610,38,Ultra Orthodox
BET SHIQMA,747,1,Likud Dominance
BET UZZI'EL,301,1,Likud Dominance
BET YANNAY,200,1,Blue White dominance
BET YIZHAQ-SH. HEFER,326,1,Blue White dominance
BET YOSEF,265,1,Likud Dominance
BET ZAYIT,710,1,Left
BET ZERA,143,1,Left
BET ZERA,176,1,Left
BET ZEVI,212,1,Ultra Orthodox
BETAR ILLIT,3780,1,Ultra Orthodox
BETAR ILLIT,3780,2,Ultra Orthodox
BETAR ILLIT,3780,4,Ultra Orthodox
BETAR ILLIT,3780,5,Ultra Orthodox
BETAR ILLIT,3780,6,Ultra Orthodox
BETAR ILLIT,3780,7,Ultra Orthodox
BEZET,589,1,Blue White dominance
BINYAMINA-GIV'AT ADA,1020,3,Likud Dominance
BINYAMINA-GIV'AT ADA,9800,2,Blue White dominance
BINYAMINA-GIV'AT ADA,9800,3,Tie
BIR EL-MAKSUR,998,1,Arabs
BIR HADAGE,1348,1,Arabs
BIRIYYA,368,1,Likud Dominance
BITHA,762,1,Likud Dominance
BU'EINE-NUJEIDAT,482,1,Arabs
BUQ'ATA,4001,1,Religious
BURGETA,698,1,Blue White dominance
BUSTAN HAGALIL,559,1,Tie
DABURIYYA,489,1,Arabs
DAFNA,302,1,Left
DAHI,475,1,Arabs
DALIYYA,300,1,Left
DALTON,431,1,Likud Dominance
DAVERAT,407,1,Blue White dominance
DEGANYA ALEF,62,1,Left
DEGANYA BET,79,1,Left
DEIR HANNA,492,1,Arabs
DEMEIDE,1317,1,Arabs
DERIG'AT,1349,1,Arabs
DEVIRA,849,1,Left
DEVORA,146,1,Blue White dominance
DIMONA,2200,2,Likud Dominance
DIMONA,2200,3,Likud Dominance
DIMONA,2200,4,Likud Dominance
DIMONA,2200,5,Likud Dominance
DIMONA,2200,6,Likud Dominance
DIMONA,2200,7,Likud Dominance
DIMONA,2200,9,Likud Dominance
DIMONA,2200,10,Likud Dominance
DIMONA,2200,11,Likud Dominance
DIMONA,2200,12,Likud Dominance
DISHON,2063,1,Likud Dominance
DOROT,336,1,Left
DOVEV,1067,1,Likud Dominance
EFRATA,3650,1,Religious
EILABUN,530,1,Arabs
EIN AL-ASAD,546,1,Blue White dominance
EIN HOD,1320,1,Arabs
EIN MAHEL,532,1,Arabs
EIN QINIYYE,4502,1,Tie
EL'AD,1309,1,Ultra Orthodox
EL'AD,1309,3,Ultra Orthodox
EL'AD,1309,4,Ultra Orthodox
EL'AD,1309,6,Ultra Orthodox
EL'AD,1309,7,Ultra Orthodox
EL'AZAR,3618,1,Religious
EL-ROM,4003,1,Left
ELAT,2600,12,Tie
ELAT,2600,14,Likud Dominance
ELAT,2600,15,Likud Dominance
ELAT,2600,16,Likud Dominance
ELAT,2600,21,Likud Dominance
ELAT,2600,22,Tie
ELAT,2600,23,Likud Dominance
ELAT,2600,24,Tie
ELAT,2600,25,Likud Dominance
ELAT,2600,33,Likud Dominance
ELAT,2600,34,Likud Dominance
ELAT,2600,35,Likud Dominance
ELAT,2600,36,Likud Dominance
ELI-AD,4002,1,Blue White dominance
ELIFAZ,1248,1,Blue White dominance
ELIFELET,730,1,Likud Dominance
ELISHAMA,841,1,Likud Dominance
ELON,294,1,Left
ELOT,1126,1,Left
ELQANA,3560,1,Religious
ELQOSH,603,1,Likud Dominance
ELYAKHIN,41,1,Likud Dominance
ELYAQIM,682,1,Likud Dominance
ELYASHIV,204,1,Likud Dominance
EMUNIM,772,1,Tie
EN DOR,436,1,Left
EN GEDI,2042,1,Left
EN GEV,273,1,Left
EN HABESOR,1240,1,Blue White dominance
EN HAEMEQ,367,1,Likud Dominance
EN HAHORESH,167,1,Left
EN HAMIFRAZ,289,1,Left
EN HANAZIV,383,1,Religious
EN HAROD (IHUD),89,1,Blue White dominance
EN HAROD(ME'UHAD),82,1,Left
EN HASHELOSHA,676,1,Blue White dominance
EN HASHOFET,270,1,Left
EN HOD,74,1,Left
EN IRON,223,1,Blue White dominance
EN KARMEL,426,1,Left
EN SARID,880,1,Tie
EN SHEMER,139,1,Left
EN WERED,157,1,Blue White dominance
EN YA'AQOV,813,1,Likud Dominance
EN YAHAV,806,1,Blue White dominance
EN ZIWAN,4503,1,Blue White dominance
EN ZURIM,622,1,Religious
ENAT,871,1,Left
EREZ,714,1,Left
ESHBOL,71,1,Likud Dominance
ESHEL HANASI,2021,1,Tie
ESHHAR,1188,1,Religious
ESHTA'OL,740,1,Likud Dominance
ETAN,37,1,Likud Dominance
EVEN MENAHEM,1081,1,Likud Dominance
EVEN SAPPIR,783,1,Likud Dominance
EVEN SHEMU'EL,400,1,Religious
EVEN YEHUDA,182,1,Blue White dominance
EVEN YEHUDA,287,1,Blue White dominance
EVEN YEHUDA,288,1,Blue White dominance
EVRON,376,1,Left
EYAL,716,1,Left
EZ EFRAYIM,3778,1,Religious
EZER,1149,1,Tie
FASSUTA,535,1,Arabs
FUREIDIS,537,1,Arabs
FUREIDIS,537,2,Arabs
GA'ASH,842,1,Left
GA'TON,463,1,Left
GADISH,145,1,Likud Dominance
GADOT,35,1,Left
GAL'ED (EVEN YIZHAQ),369,1,Left
GAL'ON,393,1,Left
GAN HADAROM,1072,1,Tie
GAN HASHOMERON,225,1,Blue White dominance
GAN HAYYIM,239,1,Blue White dominance
GAN NER,1274,1,Tie
GAN SHELOMO,144,1,Left
GAN SHEMU'EL,72,1,Left
GAN SOREQ,311,1,Blue White dominance
GAN YAVNE,166,1,Likud Dominance
GAN YAVNE,166,2,Tie
GAN YAVNE,166,3,Likud Dominance
GAN YAVNE,1304,2,Blue White dominance
GAN YOSHIYYA,734,1,Blue White dominance
GANNE AM,218,1,Blue White dominance
GANNE TIQWA,229,1,Blue White dominance
GANNE TIQWA,229,2,Blue White dominance
GANNE TIQWA,229,3,Tie
GANNE YOHANAN,862,1,Tie
GANNOT,836,1,Blue White dominance
GANNOT HADAR,549,1,Blue White dominance
GAT RIMMON,128,1,Blue White dominance
GAZIT,457,1,Left
GE'A,706,1,Blue White dominance
GE'ALYA,853,1,Blue White dominance
GE'ULE TEMAN,872,1,Likud Dominance
GE'ULIM,379,1,Tie
GEDERA,2550,1,Likud Dominance
GEDERA,2550,2,Tie
GEDERA,2550,3,Likud Dominance
GEDERA,2550,4,Tie
GEFEN,39,1,Likud Dominance
GELIL YAM,346,1,Left
GEROFIT,1129,1,Left
GESHER,305,1,Left
GESHER HAZIW,574,1,Blue White dominance
GESHUR,4022,1,Blue White dominance
GEVA,86,1,Left
GEVA  KARMEL,683,1,Blue White dominance
GEVAR'AM,342,1,Blue White dominance
GEVAT,133,1,Left
GEVIM,424,1,Left
GEVIM,1176,1,Tie
GEVULOT,352,1,Left
GEZER,370,1,Left
GHAJAR,4501,1,Left
GIBBETON,196,1,Blue White dominance
GILAT,736,1,Likud Dominance
GILGAL,3606,1,Tie
GILON,1204,1,Blue White dominance
GIMZO,745,1,Religious
GINNATON,863,1,Blue White dominance
GINNEGAR,92,1,Left
GINNOSAR,262,1,Left
GINNOSAR,1230,1,Tie
GITTA,1206,1,Tie
GIV'AT AVNI,1293,1,Tie
GIV'AT BRENNER,147,1,Left
GIV'AT ELA,1288,1,Blue White dominance
GIV'AT HASHELOSHA,870,1,Left
GIV'AT HAYYIM (IHUD),2018,1,Left
GIV'AT HAYYIM(ME'UHAD),173,1,Left
GIV'AT HEN,207,1,Blue White dominance
GIV'AT KOAH,802,1,Likud Dominance
GIV'AT NILI,360,1,Tie
GIV'AT OZ,703,1,Left
GIV'AT SHAPPIRA,1077,1,Blue White dominance
GIV'AT SHEMU'EL,681,1,Religious
GIV'AT SHEMU'EL,681,2,Religious
GIV'AT SHEMU'EL,681,3,Religious
GIV'AT SHEMU'EL,717,3,Blue White dominance
GIV'AT SHEMU'EL,6300,2,Blue White dominance
GIV'AT YESHA'YAHU,919,1,Left
GIV'AT YO'AV,4021,1,Blue White dominance
GIV'AT ZE'EV,3730,1,Likud Dominance
GIV'AT ZE'EV,3730,2,Likud Dominance
GIV'AT ZE'EV,3730,3,Likud Dominance
GIV'AT ZE'EV,3730,4,Ultra Orthodox
GIV'ATAYIM,6300,11,Blue White dominance
GIV'ATAYIM,6300,12,Blue White dominance
GIV'ATAYIM,6300,13,Blue White dominance
GIV'ATAYIM,6300,21,Blue White dominance
GIV'ATAYIM,6300,23,Blue White dominance
GIV'ATAYIM,6300,31,Blue White dominance
GIV'ATAYIM,6300,33,Blue White dominance
GIV'ATAYIM,6300,34,Blue White dominance
GIV'ATAYIM,6300,42,Blue White dominance
GIV'ATAYIM,6300,44,Blue White dominance
GIV'OLIM,2014,1,Likud Dominance
GONEN,852,1,Left
GOREN,755,1,Likud Dominance
GORNOT HAGALIL,1219,1,Likud Dominance
HABONIM,675,1,Left
HABONIM,687,1,Blue White dominance
HADAR AM,191,1,Blue White dominance
HADERA,1167,51,Blue White dominance
HADERA,6500,13,Likud Dominance
HADERA,6500,23,Likud Dominance
HADERA,6500,24,Likud Dominance
HADERA,6500,31,Tie
HADERA,6500,32,Tie
HADERA,6500,41,Tie
HADERA,6500,42,Tie
HADERA,6500,43,Tie
HADERA,6500,52,Tie
HADERA,6500,53,Likud Dominance
HADERA,6500,61,Likud Dominance
HADERA,6500,62,Likud Dominance
HADERA,6500,63,Likud Dominance
HADERA,6500,64,Tie
HADID,618,1,Likud Dominance
HAFEZ HAYYIM,1371,1,Religious
HAGGAY,3764,1,Religious
HAGOSHERIM,356,1,Blue White dominance
HAHOTERIM,434,1,Left
HAIFA,1079,524,Tie
HAIFA,4000,111,Likud Dominance
HAIFA,4000,112,Religious
HAIFA,4000,122,Likud Dominance
HAIFA,4000,131,Tie
HAIFA,4000,132,Tie
HAIFA,4000,311,Tie
HAIFA,4000,312,Arabs
HAIFA,4000,313,Arabs
HAIFA,4000,322,Tie
HAIFA,4000,331,Arabs
HAIFA,4000,332,Arabs
HAIFA,4000,334,Arabs
HAIFA,4000,411,Tie
HAIFA,4000,412,Tie
HAIFA,4000,414,Tie
HAIFA,4000,416,Tie
HAIFA,4000,417,Tie
HAIFA,4000,421,Arabs
HAIFA,4000,422,Tie
HAIFA,4000,423,Tie
HAIFA,4000,424,Likud Dominance
HAIFA,4000,425,Tie
HAIFA,4000,426,Likud Dominance
HAIFA,4000,511,Blue White dominance
HAIFA,4000,513,Tie
HAIFA,4000,514,Blue White dominance
HAIFA,4000,522,Blue White dominance
HAIFA,4000,523,Blue White dominance
HAIFA,4000,525,Blue White dominance
HAIFA,4000,526,Blue White dominance
HAIFA,4000,527,Arabs
HAIFA,4000,528,Tie
HAIFA,4000,531,Tie
HAIFA,4000,532,Tie
HAIFA,4000,533,Blue White dominance
HAIFA,4000,611,Arabs
HAIFA,4000,613,Tie
HAIFA,4000,621,Tie
HAIFA,4000,622,Tie
HAIFA,4000,623,Tie
HAIFA,4000,631,Tie
HAIFA,4000,632,Tie
HAIFA,4000,633,Tie
HAIFA,4000,634,Ultra Orthodox
HAIFA,4000,641,Ultra Orthodox
HAIFA,4000,642,Ultra Orthodox
HAIFA,4000,643,Tie
HAIFA,4000,711,Arabs
HAIFA,4000,712,Tie
HAIFA,4000,713,Likud Dominance
HAIFA,4000,721,Tie
HAIFA,4000,723,Religious
HAIFA,4000,732,Tie
HAIFA,4000,811,Tie
HAIFA,4000,813,Blue White dominance
HAIFA,4000,821,Tie
HAIFA,4000,822,Blue White dominance
HAIFA,4000,823,Blue White dominance
HAIFA,4000,824,Blue White dominance
HAIFA,4000,911,Blue White dominance
HAIFA,4000,912,Blue White dominance
HAIFA,4000,921,Blue White dominance
HAIFA,4000,922,Blue White dominance
HAIFA,4000,931,Blue White dominance
HAIFA,4000,932,Blue White dominance
HAIFA,4000,933,Blue White dominance
HAIFA,4000,941,Blue White dominance
HAIFA,4000,942,Blue White dominance
HAIFA,4000,944,Blue White dominance
HAIFA,7700,822,Likud Dominance
HALUZ,1272,1,Left
HAMA'PIL,377,1,Left
HAMADYA,343,1,Left
HAMAM,993,1,Arabs
HAMRA,3609,1,Tie
HANITA,280,1,Left
HANNATON,1257,1,Blue White dominance
HANNI'EL,807,1,Blue White dominance
HAOGEN,423,1,Left
HAON,702,1,Left
HAR ADAR,3730,1,Likud Dominance
HAR ADAR,3769,1,Blue White dominance
HAR AMASA,1261,1,Left
HARARIT,1203,1,Left
HARASHIM,1209,1,Left
HARDUF,1249,1,Left
HASOLELIM,677,1,Blue White dominance
HASPIN,4005,1,Religious
HAVAZZELET HASHARON,224,1,Tie
HAVAZZELET HASHARON,235,1,Blue White dominance
HAVAZZELET HASHARON,1102,1,Left
HAYOGEV,684,1,Blue White dominance
HAZAV,700,1,Likud Dominance
HAZERIM,397,1,Left
HAZEVA,13,1,Blue White dominance
HAZON,1047,1,Likud Dominance
HAZOR-ASHDOD,406,1,Left
HAZOR HAGELILIT,2034,1,Likud Dominance
HAZORE'IM,307,1,Religious
HAZOREA,250,1,Left
HEFZI-BAH,90,1,Left
HELEZ,820,1,Likud Dominance
HEMDAT,3646,1,Religious
HEMED,801,1,Religious
HEMED,2620,1,Tie
HEREV LE'ET,422,1,Blue White dominance
HERMESH,3717,1,Likud Dominance
HERZLIYYA,6400,11,Tie
HERZLIYYA,6400,12,Tie
HERZLIYYA,6400,13,Tie
HERZLIYYA,6400,21,Blue White dominance
HERZLIYYA,6400,22,Blue White dominance
HERZLIYYA,6400,23,Tie
HERZLIYYA,6400,24,Blue White dominance
HERZLIYYA,6400,31,Tie
HERZLIYYA,6400,33,Blue White dominance
HERZLIYYA,6400,34,Tie
HERZLIYYA,6400,35,Tie
HERZLIYYA,6400,43,Blue White dominance
HERZLIYYA,6400,44,Blue White dominance
HERZLIYYA,6400,51,Blue White dominance
HERZLIYYA,6400,52,Blue White dominance
HERZLIYYA,6400,54,Blue White dominance
HERZLIYYA,6400,55,Blue White dominance
HERZLIYYA,6400,56,Blue White dominance
HERZLIYYA,6400,57,Blue White dominance
HERZLIYYA,6400,63,Blue White dominance
HERZLIYYA,6400,64,Blue White dominance
HERZLIYYA,6400,65,Tie
HERZLIYYA,6400,66,Blue White dominance
HEVER,1110,1,Likud Dominance
HIBBAT ZIYYON,219,1,Blue White dominance
HILLA,1208,1,Left
HINNANIT,3643,1,Religious
HOD HASHARON,6900,11,Blue White dominance
HOD HASHARON,9700,11,Tie
HOD HASHARON,9700,12,Blue White dominance
HOD HASHARON,9700,13,Blue White dominance
HOD HASHARON,9700,14,Blue White dominance
HOD HASHARON,9700,15,Blue White dominance
HOD HASHARON,9700,21,Blue White dominance
HOD HASHARON,9700,23,Blue White dominance
HOD HASHARON,9700,24,Blue White dominance
HOD HASHARON,9700,31,Blue White dominance
HOD HASHARON,9700,32,Blue White dominance
HOD HASHARON,9700,33,Tie
HODIYYA,726,1,Likud Dominance
HOFIT,115,1,Blue White dominance
HOGLA,205,1,Left
HOLIT,1239,1,Left
HOLON,6600,211,Tie
HOLON,6600,213,Tie
HOLON,6600,214,Tie
HOLON,6600,215,Tie
HOLON,6600,216,Tie
HOLON,6600,221,Tie
HOLON,6600,223,Tie
HOLON,6600,224,Tie
HOLON,6600,225,Likud Dominance
HOLON,6600,311,Tie
HOLON,6600,312,Tie
HOLON,6600,314,Tie
HOLON,6600,321,Tie
HOLON,6600,323,Tie
HOLON,6600,331,Tie
HOLON,6600,334,Blue White dominance
HOLON,6600,335,Tie
HOLON,6600,412,Tie
HOLON,6600,414,Tie
HOLON,6600,416,Tie
HOLON,6600,422,Tie
HOLON,6600,423,Tie
HOLON,6600,425,Tie
HOLON,6600,426,Tie
HOLON,6600,427,Tie
HOLON,6600,512,Likud Dominance
HOLON,6600,514,Likud Dominance
HOLON,6600,523,Tie
HOLON,6600,611,Tie
HOLON,6600,613,Tie
HOLON,6600,614,Tie
HOLON,6600,621,Likud Dominance
HOLON,6600,623,Likud Dominance
HOLON,6600,624,Tie
HOLON,6600,625,Likud Dominance
HOLON,6600,626,Likud Dominance
HOLON,8300,225,Tie
HORESHIM,355,1,Left
HOSEN,662,1,Likud Dominance
HOSHA'AYA,1186,1,Religious
HULATA,253,1,Left
HULDA,160,1,Blue White dominance
HUQOQ,374,1,Left
HURA,969,1,Arabs
HURA,1303,1,Arabs
HURFEISH,496,1,Blue White dominance
HUSSNIYYA,1332,1,Arabs
I'BILLIN,529,2,Arabs
I'BILLIN,529,3,Arabs
IBBIM,338,1,Likud Dominance
IBTIN,652,1,Arabs
IDDAN,1175,1,Blue White dominance
IKSAL,478,3,Arabs
ILANIYYA,49,1,Tie
ILUT,511,1,Arabs
IMMANU'EL,3660,1,Ultra Orthodox
IR KARMEL,494,5,Blue White dominance
IR KARMEL,494,6,Blue White dominance
IR KARMEL,534,3,Blue White dominance
JALJULYE,627,1,Arabs
JERUSALEM,738,1314,Blue White dominance
JERUSALEM,873,1031,Likud Dominance
JERUSALEM,3000,113,Ultra Orthodox
JERUSALEM,3000,115,Ultra Orthodox
JERUSALEM,3000,116,Ultra Orthodox
JERUSALEM,3000,121,Likud Dominance
JERUSALEM,3000,122,Likud Dominance
JERUSALEM,3000,123,Likud Dominance
JERUSALEM,3000,124,Likud Dominance
JERUSALEM,3000,125,Likud Dominance
JERUSALEM,3000,132,Likud Dominance
JERUSALEM,3000,133,Likud Dominance
JERUSALEM,3000,134,Likud Dominance
JERUSALEM,3000,135,Likud Dominance
JERUSALEM,3000,136,Likud Dominance
JERUSALEM,3000,313,Ultra Orthodox
JERUSALEM,3000,411,Ultra Orthodox
JERUSALEM,3000,412,Ultra Orthodox
JERUSALEM,3000,422,Ultra Orthodox
JERUSALEM,3000,423,Ultra Orthodox
JERUSALEM,3000,425,Ultra Orthodox
JERUSALEM,3000,426,Ultra Orthodox
JERUSALEM,3000,432,Ultra Orthodox
JERUSALEM,3000,433,Ultra Orthodox
JERUSALEM,3000,512,Ultra Orthodox
JERUSALEM,3000,514,Ultra Orthodox
JERUSALEM,3000,515,Ultra Orthodox
JERUSALEM,3000,521,Ultra Orthodox
JERUSALEM,3000,523,Ultra Orthodox
JERUSALEM,3000,531,Ultra Orthodox
JERUSALEM,3000,532,Ultra Orthodox
JERUSALEM,3000,541,Tie
JERUSALEM,3000,542,Tie
JERUSALEM,3000,543,Ultra Orthodox
JERUSALEM,3000,622,Arabs
JERUSALEM,3000,721,Ultra Orthodox
JERUSALEM,3000,812,Ultra Orthodox
JERUSALEM,3000,821,Ultra Orthodox
JERUSALEM,3000,831,Ultra Orthodox
JERUSALEM,3000,834,Ultra Orthodox
JERUSALEM,3000,836,Ultra Orthodox
JERUSALEM,3000,842,Ultra Orthodox
JERUSALEM,3000,844,Likud Dominance
JERUSALEM,3000,845,Tie
JERUSALEM,3000,846,Ultra Orthodox
JERUSALEM,3000,847,Tie
JERUSALEM,3000,852,Tie
JERUSALEM,3000,857,Tie
JERUSALEM,3000,863,Left
JERUSALEM,3000,911,Ultra Orthodox
JERUSALEM,3000,914,Ultra Orthodox
JERUSALEM,3000,915,Ultra Orthodox
JERUSALEM,3000,922,Ultra Orthodox
JERUSALEM,3000,923,Ultra Orthodox
JERUSALEM,3000,925,Tie
JERUSALEM,3000,932,Ultra Orthodox
JERUSALEM,3000,934,Ultra Orthodox
JERUSALEM,3000,1011,Tie
JERUSALEM,3000,1013,Tie
JERUSALEM,3000,1014,Left
JERUSALEM,3000,1015,Religious
JERUSALEM,3000,1016,Ultra Orthodox
JERUSALEM,3000,1021,Likud Dominance
JERUSALEM,3000,1031,Tie
JERUSALEM,3000,1034,Ultra Orthodox
JERUSALEM,3000,1035,Ultra Orthodox
JERUSALEM,3000,1041,Tie
JERUSALEM,3000,1042,Tie
JERUSALEM,3000,1115,Left
JERUSALEM,3000,1122,Tie
JERUSALEM,3000,1123,Tie
JERUSALEM,3000,1124,Tie
JERUSALEM,3000,1131,Tie
JERUSALEM,3000,1132,Ultra Orthodox
JERUSALEM,3000,1133,Likud Dominance
JERUSALEM,3000,1134,Likud Dominance
JERUSALEM,3000,1141,Likud Dominance
JERUSALEM,3000,1142,Likud Dominance
JERUSALEM,3000,1143,Likud Dominance
JERUSALEM,3000,1144,Tie
JERUSALEM,3000,1147,Tie
JERUSALEM,3000,1211,Likud Dominance
JERUSALEM,3000,1212,Likud Dominance
JERUSALEM,3000,1213,Likud Dominance
JERUSALEM,3000,1215,Likud Dominance
JERUSALEM,3000,1216,Tie
JERUSALEM,3000,1217,Religious
JERUSALEM,3000,1221,Religious
JERUSALEM,3000,1222,Religious
JERUSALEM,3000,1311,Religious
JERUSALEM,3000,1312,Religious
JERUSALEM,3000,1313,Religious
JERUSALEM,3000,1314,Tie
JERUSALEM,3000,1321,Tie
JERUSALEM,3000,1332,Tie
JERUSALEM,3000,1333,Tie
JERUSALEM,3000,1334,Tie
JERUSALEM,3000,1335,Religious
JERUSALEM,3000,1336,Religious
JERUSALEM,3000,1341,Tie
JERUSALEM,3000,1342,Tie
JERUSALEM,3000,1344,Tie
JERUSALEM,3000,1351,Likud Dominance
JERUSALEM,3000,1352,Likud Dominance
JERUSALEM,3000,1354,Likud Dominance
JERUSALEM,3000,1355,Likud Dominance
JERUSALEM,3000,1513,Likud Dominance
JERUSALEM,3000,1522,Arabs
JERUSALEM,3000,1613,Arabs
JERUSALEM,3000,1614,Arabs
JERUSALEM,3000,1622,Religious
JERUSALEM,3000,1623,Likud Dominance
JERUSALEM,3000,1631,Likud Dominance
JERUSALEM,3000,1632,Likud Dominance
JERUSALEM,3000,1633,Likud Dominance
JERUSALEM,3000,1634,Likud Dominance
JERUSALEM,3000,1641,Likud Dominance
JERUSALEM,3000,1642,Likud Dominance
JERUSALEM,3000,1643,Likud Dominance
JISH(GUSH HALAV),487,1,Arabs
JISR AZ-ZARQA,541,2,Arabs
JUDEIDE-MAKER,1292,1,Arabs
JUDEIDE-MAKER,1292,4,Arabs
JULIS,485,1,Blue White dominance
KA'ABIYYE-TABBASH-HAJAJRE,978,1,Arabs
KABRI,576,1,Left
KABUL,504,1,Arabs
KAFAR BARA,633,1,Arabs
KAFAR KAMA,508,1,Blue White dominance
KAFAR KANNA,509,2,Arabs
KAFAR MANDA,510,2,Arabs
KAFAR MANDA,510,3,Arabs
KAFAR MISR,512,1,Arabs
KAFAR QARA,654,1,Arabs
KAFAR QARA,654,2,Arabs
KAFAR QASEM,634,1,Arabs
KAFAR QASEM,634,2,Arabs
KAFAR QASEM,634,4,Arabs
KAFAR YASIF,507,1,Arabs
KAHAL,1210,1,Blue White dominance
KALLANIT,1229,1,Likud Dominance
KANAF,4028,1,Blue White dominance
KAOKAB ABU AL-HIJA,505,1,Arabs
KARKOM,1285,1,Blue White dominance
KARME YOSEF,1264,1,Blue White dominance
KARME ZUR,3766,1,Religious
KARMI'EL,1139,12,Tie
KARMI'EL,1139,13,Tie
KARMI'EL,1139,14,Tie
KARMI'EL,1139,21,Tie
KARMI'EL,1139,23,Likud Dominance
KARMI'EL,1139,24,Tie
KARMI'EL,1139,31,Tie
KARMI'EL,1139,32,Tie
KARMI'EL,1139,33,Tie
KARMI'EL,1139,34,Tie
KARMI'EL,1139,35,Tie
KARMI'EL,1201,11,Left
KARMIYYA,768,1,Left
KEFAR AHIM,690,1,Tie
KEFAR AVIV,857,1,Blue White dominance
KEFAR AZZA,845,1,Left
KEFAR BARUKH,132,1,Blue White dominance
KEFAR BIALIK,220,1,Blue White dominance
KEFAR BIALIK,9500,1,Tie
KEFAR BILU,177,1,Blue White dominance
KEFAR BIN NUN,2010,1,Blue White dominance
KEFAR BLUM,357,1,Left
KEFAR DANIYYEL,707,1,Blue White dominance
KEFAR EZYON,3488,1,Religious
KEFAR GALLIM,427,1,Tie
KEFAR GID'ON,106,1,Ultra Orthodox
KEFAR GIL'ADI,76,1,Blue White dominance
KEFAR GLIKSON,310,1,Left
KEFAR HABAD,696,1,Ultra Orthodox
KEFAR HAHORESH,192,1,Left
KEFAR HAMAKKABBI,254,1,Blue White dominance
KEFAR HANAGID,582,1,Blue White dominance
KEFAR HANANYA,1297,1,Tie
KEFAR HANASI,443,1,Left
KEFAR HARIF,888,1,Blue White dominance
KEFAR HARO'E,217,1,Religious
KEFAR HARUV,4004,1,Blue White dominance
KEFAR HASIDIM ALEF,112,1,Religious
KEFAR HASIDIM ALEF,889,1,Religious
KEFAR HAYYIM,193,1,Blue White dominance
KEFAR HESS,187,1,Blue White dominance
KEFAR HITTIM,255,1,Tie
KEFAR HOSHEN,609,1,Likud Dominance
KEFAR KISCH,388,1,Blue White dominance
KEFAR MALAL,98,1,Blue White dominance
KEFAR MASARYK,297,1,Left
KEFAR MAYMON,1095,1,Religious
KEFAR MENAHEM,274,1,Left
KEFAR MONASH,387,1,Blue White dominance
KEFAR MORDEKHAY,764,1,Blue White dominance
KEFAR NETTER,316,1,Blue White dominance
KEFAR PINES,189,1,Religious
KEFAR ROSH HANIQRA,579,1,Blue White dominance
KEFAR ROZENWALD(ZARIT),1130,1,Likud Dominance
KEFAR RUPPIN,295,1,Blue White dominance
KEFAR RUT,1166,1,Blue White dominance
KEFAR SAVA,6900,11,Tie
KEFAR SAVA,6900,12,Likud Dominance
KEFAR SAVA,6900,14,Blue White dominance
KEFAR SAVA,6900,15,Blue White dominance
KEFAR SAVA,6900,16,Tie
KEFAR SAVA,6900,21,Tie
KEFAR SAVA,6900,22,Blue White dominance
KEFAR SAVA,6900,31,Blue White dominance
KEFAR SAVA,6900,33,Blue White dominance
KEFAR SAVA,6900,35,Blue White dominance
KEFAR SAVA,6900,36,Blue White dominance
KEFAR SAVA,6900,41,Blue White dominance
KEFAR SAVA,6900,42,Blue White dominance
KEFAR SAVA,6900,43,Blue White dominance
KEFAR SAVA,6900,44,Blue White dominance
KEFAR SAVA,6900,45,Tie
KEFAR SAVA,6900,52,Tie
KEFAR SAVA,6900,53,Blue White dominance
KEFAR SAVA,6900,54,Tie
KEFAR SAVA,6900,55,Tie
KEFAR SAVA,6900,56,Tie
KEFAR SAVA,9700,35,Blue White dominance
KEFAR SHAMMAY,605,1,Likud Dominance
KEFAR SHEMARYAHU,267,1,Blue White dominance
KEFAR SHEMU'EL,743,1,Blue White dominance
KEFAR SILVER,107,1,Blue White dominance
KEFAR SIRKIN,249,1,Blue White dominance
KEFAR SZOLD,345,1,Left
KEFAR TAPPUAH,3572,1,Religious
KEFAR TAVOR,47,1,Blue White dominance
KEFAR TRUMAN,673,1,Blue White dominance
KEFAR URIYYA,364,1,Tie
KEFAR VITKIN,190,1,Blue White dominance
KEFAR WARBURG,320,1,Blue White dominance
KEFAR WERADIM,1263,1,Blue White dominance
KEFAR YA'BEZ,170,1,Likud Dominance
KEFAR YEDIDYA,233,1,Blue White dominance
KEFAR YEHEZQEL,85,1,Blue White dominance
KEFAR YEHOSHUA,140,1,Blue White dominance
KEFAR YONA,168,1,Tie
KEFAR YONA,168,2,Tie
KEFAR YONA,168,3,Tie
KEFAR ZETIM,786,1,Likud Dominance
KELIL,1183,1,Left
KEMEHIN,1291,1,Left
KEREM BEN ZIMRA,664,1,Likud Dominance
KEREM MAHARAL,580,1,Blue White dominance
KEREM SHALOM,1085,1,Religious
KEREM YAVNE(YESHIVA),1094,1,Religious
KESALON,859,1,Likud Dominance
KINNERET(MOSHAVA),63,1,Blue White dominance
KINNERET(QEVUZA),57,1,Blue White dominance
KISHOR,1153,1,Left
KISRA-SUMEI,1296,1,Tie
KISSUFIM,840,1,Left
KOKHAV MIKHA'EL,824,1,Blue White dominance
KOKHAV YA'IR,1224,2,Blue White dominance
KOKHAV YA'IR,1224,4,Blue White dominance
KORAZIM,1252,1,Blue White dominance
KUSEIFE,966,1,Arabs
KUSEIFE,1059,1,Arabs
LAHAV,2023,1,Left
LAHAVOT HABASHAN,380,1,Left
LAHAVOT HAVIVA,715,1,Left
LAKHISH,24,1,Left
LAPPID,1310,1,Blue White dominance
LAPPIDOT,1173,1,Likud Dominance
LAQYE,960,1,Arabs
LAQYE,1060,1,Arabs
LAVI,585,1,Religious
LAVON,1207,1,Blue White dominance
LEHAVIM,1271,1,Blue White dominance
LIMAN,674,1,Tie
LOD,3659,51,Religious
LOD,7000,12,Arabs
LOD,7000,13,Religious
LOD,7000,14,Arabs
LOD,7000,15,Arabs
LOD,7000,21,Likud Dominance
LOD,7000,22,Likud Dominance
LOD,7000,23,Likud Dominance
LOD,7000,24,Likud Dominance
LOD,7000,25,Likud Dominance
LOD,7000,31,Likud Dominance
LOD,7000,32,Likud Dominance
LOD,7000,41,Likud Dominance
LOD,7000,42,Ultra Orthodox
LOD,7000,44,Arabs
LOD,7000,51,Tie
LOD,7000,52,Tie
LOHAME HAGETA'OT,595,1,Left
LOTAN,1255,1,Left
LOTEM,1171,1,Left
LUZIT,52,1,Likud Dominance
MA'AGAN,678,1,Blue White dominance
MA'AGAN MIKHA'EL,694,1,Left
MA'ALE ADUMMIM,3616,2,Likud Dominance
MA'ALE ADUMMIM,3616,3,Likud Dominance
MA'ALE ADUMMIM,3616,4,Religious
MA'ALE ADUMMIM,3616,5,Likud Dominance
MA'ALE ADUMMIM,3616,6,Likud Dominance
MA'ALE ADUMMIM,3616,7,Likud Dominance
MA'ALE ADUMMIM,3616,8,Likud Dominance
MA'ALE ADUMMIM,3616,9,Likud Dominance
MA'ALE AMOS,3653,1,Ultra Orthodox
MA'ALE EFRAYIM,3608,1,Religious
MA'ALE GAMLA,4008,1,Blue White dominance
MA'ALE GILBOA,1127,1,Religious
MA'ALE GILBOA,1282,1,Religious
MA'ALE HAHAMISHA,286,1,Left
MA'ALE IRON,1327,1,Arabs
MA'ALE IRON,1327,2,Arabs
MA'ALE IRON,1327,4,Arabs
MA'ALE LEVONA,3752,1,Religious
MA'ALE MIKHMAS,3651,1,Religious
MA'ALOT-TARSHIHA,1063,1,Likud Dominance
MA'ALOT-TARSHIHA,1063,2,Arabs
MA'ALOT-TARSHIHA,1063,3,Likud Dominance
MA'ALOT-TARSHIHA,1063,4,Religious
MA'ALOT-TARSHIHA,1063,5,Likud Dominance
MA'ALOT-TARSHIHA,1063,6,Arabs
MA'ANIT,344,1,Left
MA'AS,230,1,Blue White dominance
MA'BAROT,197,1,Left
MA'GALIM,1082,1,Religious
MA'ON,3657,1,Religious
MA'OR,2055,1,Tie
MA'OZ HAYYIM,272,1,Left
MA'YAN BARUKH,416,1,Left
MA'YAN ZEVI,290,1,Left
MABBU'IM,1080,1,Likud Dominance
MAGEN SHA'UL,1155,1,Likud Dominance
MAGGAL,375,1,Left
MAGSHIMIM,722,1,Blue White dominance
MAHANAYIM,308,1,Blue White dominance
MAHSEYA,776,1,Likud Dominance
MAJDAL SHAMS,4201,1,Blue White dominance
MAKCHUL,1343,1,Arabs
MAKCHUL,1367,1,Arabs
MALKIYYA,596,1,Left
MANOF,1174,1,Left
MANOT,1205,1,Likud Dominance
MARGALIYYOT,843,1,Likud Dominance
MAS'ADE,4203,1,Blue White dominance
MASH'ABBE SADE,421,1,Left
MASH'EN,791,1,Likud Dominance
MASLUL,748,1,Likud Dominance
MASSAD,1258,1,Left
MASSADA,263,1,Left
MASSU'A,3605,1,Religious
MASSU'OT YIZHAQ,620,1,Religious
MATTA,822,1,Likud Dominance
MATTAN,1315,1,Blue White dominance
MATTAT,1184,1,Left
MAVQI'IM,573,1,Tie
MAZKERET BATYA,28,1,Tie
MAZKERET BATYA,793,1,Likud Dominance
MAZLIAH,757,1,Likud Dominance
MAZLIAH,8500,1,Likud Dominance
MAZOR,606,1,Blue White dominance
MAZRA'A,517,1,Arabs
MAZZUVA,325,1,Blue White dominance
ME'IR SHEFEYA,102,1,Tie
ME'ONA,570,1,Likud Dominance
ME AMMI,1128,1,Left
MEFALLESIM,668,1,Left
MEGADIM,689,1,Tie
MEGIDDO,586,1,Left
MEHOLA,3599,1,Religious
MEISER,649,1,Arabs
MEKHORA,3614,1,Tie
MELE'A,164,1,Likud Dominance
MELE'A,1108,1,Likud Dominance
MELILOT,2044,1,Likud Dominance
MENAHEMYA,48,1,Likud Dominance
MENARA,347,1,Left
MENUHA,2030,1,Likud Dominance
MERHAV AM,1340,1,Religious
MERHAVYA(QIBBUZ),66,1,Tie
MERHAVYA(QIBBUZ),97,1,Blue White dominance
MERKAZ SHAPPIRA,1098,1,Religious
MEROM GOLAN,4101,1,Blue White dominance
MERON,607,1,Ultra Orthodox
MERON,1191,1,Religious
MESHAR,731,1,Blue White dominance
MESHHED,520,1,Arabs
MESILLOT,298,1,Left
METAR,1268,1,Tie
METAV,2054,1,Likud Dominance
METULA,43,1,Blue White dominance
MEVASSERET ZIYYON,1015,1,Tie
MEVASSERET ZIYYON,1015,2,Tie
MEVASSERET ZIYYON,1015,3,Tie
MEVASSERET ZIYYON,1015,4,Blue White dominance
MEVASSERET ZIYYON,1015,5,Tie
MEVASSERET ZIYYON,1015,6,Likud Dominance
MEVO BETAR,771,1,Tie
MEVO HAMMA,4204,1,Left
MEVO MODI'IM,1141,1,Religious
MEZAR,4019,1,Blue White dominance
MEZER,648,1,Left
MI'ELYA,518,1,Arabs
MIDRAKH OZ,2029,1,Likud Dominance
MIDRESHET BEN GURION,1140,1,Left
MIGDAL,65,1,Likud Dominance
MIGDAL HAEMEQ,874,1,Likud Dominance
MIGDAL HAEMEQ,874,2,Likud Dominance
MIGDAL HAEMEQ,874,3,Ultra Orthodox
MIGDAL HAEMEQ,874,5,Likud Dominance
MIGDAL HAEMEQ,874,6,Likud Dominance
MIGDAL HAEMEQ,874,7,Likud Dominance
MIGDAL OZ,3561,1,Religious
MIGDALIM,3751,1,Religious
MIKHMANNIM,1202,1,Blue White dominance
MIKHMANNIM,1331,1,Arabs
MIKHMORET,382,1,Blue White dominance
MISGAV AM,378,1,Left
MISGAV DOV,765,1,Blue White dominance
MISHMAR AYYALON,670,1,Blue White dominance
MISHMAR DAWID,563,1,Blue White dominance
MISHMAR HAEMEQ,130,1,Left
MISHMAR HANEGEV,395,1,Left
MISHMAR HASHARON,194,1,Left
MISHMAR HASHIV'A,729,1,Tie
MISHMAR HAYARDEN,732,1,Likud Dominance
MISHMAROT,213,1,Blue White dominance
MISHMERET,425,1,Blue White dominance
MIVTAHIM,829,1,Likud Dominance
MIZPA,58,1,Blue White dominance
MIZPE AVIV,1222,1,Blue White dominance
MIZPE NETOFA,1190,1,Religious
MIZPE RAMON,99,1,Likud Dominance
MIZPE SHALEM,3610,1,Religious
MIZRA,104,1,Left
MODI'IN-MAKKABBIM-RE'UT,1200,11,Blue White dominance
MODI'IN-MAKKABBIM-RE'UT,1200,13,Religious
MODI'IN-MAKKABBIM-RE'UT,1200,15,Blue White dominance
MODI'IN-MAKKABBIM-RE'UT,1200,16,Tie
MODI'IN-MAKKABBIM-RE'UT,1200,17,Tie
MODI'IN-MAKKABBIM-RE'UT,1200,21,Tie
MODI'IN-MAKKABBIM-RE'UT,1200,22,Blue White dominance
MODI'IN-MAKKABBIM-RE'UT,1200,23,Tie
MODI'IN-MAKKABBIM-RE'UT,1200,24,Tie
MODI'IN-MAKKABBIM-RE'UT,1200,31,Tie
MODI'IN-MAKKABBIM-RE'UT,1200,33,Religious
MODI'IN-MAKKABBIM-RE'UT,1200,34,Religious
MODI'IN-MAKKABBIM-RE'UT,1200,41,Blue White dominance
MODI'IN-MAKKABBIM-RE'UT,1200,42,Blue White dominance
MODI'IN-MAKKABBIM-RE'UT,1200,43,Blue White dominance
MODI'IN-MAKKABBIM-RE'UT,3612,41,Tie
MODI'IN ILLIT,3797,2,Ultra Orthodox
MODI'IN ILLIT,3797,3,Ultra Orthodox
MODI'IN ILLIT,3797,4,Ultra Orthodox
MODI'IN ILLIT,3797,5,Ultra Orthodox
MODI'IN ILLIT,3797,7,Ultra Orthodox
MODI'IN ILLIT,3797,8,Ultra Orthodox
MODI'IN ILLIT,3823,1,Ultra Orthodox
MOLADA*,965,1,Arabs
MOLADA*,1360,1,Arabs
MOLEDET,269,1,Blue White dominance
MORAN,1163,1,Blue White dominance
MORESHET,1178,1,Religious
MOZA ILLIT,208,1,Blue White dominance
MUGHAR,481,1,Arabs
MUGHAR,481,2,Arabs
MUQEIBLE,635,1,Arabs
NA'AMA,3713,1,Tie
NA'AN,158,1,Left
NA'AN,1103,1,Blue White dominance
NA'URA,524,1,Arabs
NAHAL OZ,844,1,Left
NAHALA,2045,1,Likud Dominance
NAHALAL,80,1,Blue White dominance
NAHAM,809,1,Likud Dominance
NAHARIYYA,47,21,Blue White dominance
NAHARIYYA,9100,13,Tie
NAHARIYYA,9100,14,Likud Dominance
NAHARIYYA,9100,21,Likud Dominance
NAHARIYYA,9100,22,Likud Dominance
NAHARIYYA,9100,23,Likud Dominance
NAHARIYYA,9100,24,Likud Dominance
NAHARIYYA,9100,31,Tie
NAHARIYYA,9100,33,Tie
NAHARIYYA,9100,34,Tie
NAHARIYYA,9100,41,Tie
NAHARIYYA,9100,42,Likud Dominance
NAHARIYYA,9100,43,Tie
NAHEF,522,2,Arabs
NAHSHOLIM,433,1,Left
NAHSHONIM,705,1,Left
NATUR,4014,1,Religious
NAZARETH,499,41,Arabs
NAZARETH,7300,11,Arabs
NAZARETH,7300,12,Arabs
NAZARETH,7300,13,Arabs
NAZARETH,7300,15,Arabs
NAZARETH,7300,21,Arabs
NAZARETH,7300,22,Arabs
NAZARETH,7300,23,Arabs
NAZARETH,7300,33,Arabs
NAZARETH,7300,34,Arabs
NAZARETH,7300,35,Arabs
NAZARETH,7300,41,Arabs
NAZARETH,7300,43,Arabs
NAZARETH,7300,44,Arabs
NAZERAT ILLIT,613,21,Blue White dominance
NAZERAT ILLIT,7300,25,Arabs
NE'OT GOLAN,4551,1,Blue White dominance
NE'OT HAKIKKAR,1124,1,Left
NE'OT HAKIKKAR,1251,1,Blue White dominance
NE'OT MORDEKHAY,408,1,Blue White dominance
NE'OT SMADAR,1197,1,Blue White dominance
NEGBA,315,1,Left
NEHALIM,449,1,Religious
NEHORA,309,1,Likud Dominance
NEHUSHA,59,1,Religious
NEIN,523,1,Arabs
NES AMMIM,1143,1,Blue White dominance
NES HARIM,825,1,Tie
NES ZIYYONA,7200,1,Likud Dominance
NES ZIYYONA,7200,2,Blue White dominance
NES ZIYYONA,7200,3,Tie
NES ZIYYONA,7200,4,Tie
NES ZIYYONA,7200,5,Blue White dominance
NES ZIYYONA,7200,6,Blue White dominance
NES ZIYYONA,7200,7,Tie
NES ZIYYONA,7200,8,Tie
NES ZIYYONA,7200,11,Blue White dominance
NES ZIYYONA,8500,8,Likud Dominance
NESHER,2500,2,Likud Dominance
NESHER,2500,3,Tie
NESHER,2500,4,Tie
NESHER,2500,5,Tie
NESHER,2500,6,Tie
NESHER,2500,7,Blue White dominance
NETA'IM,174,1,Blue White dominance
NETANYA,3710,212,Religious
NETANYA,7400,111,Tie
NETANYA,7400,112,Likud Dominance
NETANYA,7400,113,Likud Dominance
NETANYA,7400,114,Likud Dominance
NETANYA,7400,115,Tie
NETANYA,7400,122,Religious
NETANYA,7400,211,Likud Dominance
NETANYA,7400,212,Likud Dominance
NETANYA,7400,213,Likud Dominance
NETANYA,7400,221,Tie
NETANYA,7400,222,Likud Dominance
NETANYA,7400,223,Ultra Orthodox
NETANYA,7400,231,Tie
NETANYA,7400,232,Likud Dominance
NETANYA,7400,233,Likud Dominance
NETANYA,7400,241,Tie
NETANYA,7400,242,Likud Dominance
NETANYA,7400,312,Likud Dominance
NETANYA,7400,313,Likud Dominance
NETANYA,7400,321,Likud Dominance
NETANYA,7400,334,Likud Dominance
NETANYA,7400,341,Tie
NETANYA,7400,342,Likud Dominance
NETANYA,7400,343,Likud Dominance
NETANYA,7400,351,Likud Dominance
NETANYA,7400,352,Likud Dominance
NETANYA,7400,354,Tie
NETANYA,7400,411,Likud Dominance
NETANYA,7400,413,Tie
NETANYA,7400,414,Tie
NETANYA,7400,421,Likud Dominance
NETANYA,7400,422,Likud Dominance
NETANYA,7400,431,Likud Dominance
NETANYA,7400,432,Likud Dominance
NETANYA,7400,511,Likud Dominance
NETANYA,7400,512,Likud Dominance
NETANYA,7400,513,Tie
NETANYA,7400,522,Likud Dominance
NETANYA,7400,523,Tie
NETANYA,7400,531,Tie
NETANYA,7400,532,Tie
NETANYA,7400,533,Tie
NETIV HAASARA,1242,1,Blue White dominance
NETIV HAGEDUD,3555,1,Left
NETIV HALAMED-HE,693,1,Left
NETIV HASHAYYARA,792,1,Tie
NETIVOT,246,1,Ultra Orthodox
NETIVOT,246,2,Ultra Orthodox
NETIVOT,246,4,Likud Dominance
NETIVOT,246,5,Ultra Orthodox
NETIVOT,246,6,Ultra Orthodox
NETIVOT,246,7,Likud Dominance
NETIVOT,246,8,Likud Dominance
NETU'A,1147,1,Likud Dominance
NEVATIM,396,1,Tie
NEWE ATIV,4303,1,Blue White dominance
NEWE ETAN,296,1,Left
NEWE MIVTAH,827,1,Blue White dominance
NEWE SHALOM,1259,1,Arabs
NEWE UR,590,1,Left
NEWE YAMIN,686,1,Likud Dominance
NEWE YARAQ,858,1,Blue White dominance
NEWE ZIV,1314,1,Tie
NEWE ZOHAR,1057,1,Tie
NEZER SERENI,435,1,Left
NIR AM,348,1,Left
NIR AQIVA,2048,1,Religious
NIR BANIM,553,1,Blue White dominance
NIR DAWID (TEL AMAL),256,1,Left
NIR ELIYYAHU,808,1,Left
NIR EZYON,769,1,Religious
NIR GALLIM,720,1,Religious
NIR HEN,11,1,Tie
NIR MOSHE,2047,1,Tie
NIR OZ,69,1,Left
NIR YAFE,165,1,Tie
NIR YISRA'EL,699,1,Blue White dominance
NIR YIZHAQ,402,1,Left
NIR ZEVI,331,1,Blue White dominance
NIRIM,602,1,Left
NIRIT,1236,1,Blue White dominance
NIZZAN B,1419,1,Religious
NIZZANA (QEHILAT HINUH),1195,1,Religious
NIZZANE OZ,851,1,Tie
NIZZANE SINAY,1280,1,Blue White dominance
NIZZANIM,359,1,Left
NO'AM,15,1,Likud Dominance
NOF AYYALON,1333,1,Religious
NOFEKH,2630,1,Likud Dominance
NOFIT,1284,1,Blue White dominance
NOGAH,55,1,Likud Dominance
NORDIYYA,447,1,Blue White dominance
NOV,4304,1,Religious
ODEM,4010,1,Blue White dominance
OFAQIM,31,2,Likud Dominance
OFAQIM,31,3,Likud Dominance
OFAQIM,31,4,Ultra Orthodox
OFAQIM,31,6,Ultra Orthodox
OFAQIM,31,7,Likud Dominance
OFER,810,1,Tie
OFRA,3617,1,Religious
OLESH,737,1,Blue White dominance
OMER,666,1,Tie
OMEZ,680,1,Blue White dominance
OR AQIVA,1020,1,Likud Dominance
OR AQIVA,1020,2,Likud Dominance
OR AQIVA,1020,3,Likud Dominance
OR AQIVA,1020,4,Likud Dominance
OR HAGANUZ,1294,1,Ultra Orthodox
OR HANER,67,1,Left
OR YEHUDA,2400,1,Likud Dominance
OR YEHUDA,2400,2,Likud Dominance
OR YEHUDA,2400,3,Likud Dominance
OR YEHUDA,2400,4,Likud Dominance
OR YEHUDA,2400,5,Likud Dominance
OR YEHUDA,2400,8,Likud Dominance
OR YEHUDA,2400,9,Likud Dominance
OR YEHUDA,2400,10,Tie
OR YEHUDA,2400,12,Likud Dominance
OR YEHUDA,2400,13,Likud Dominance
ORA,780,1,Tie
ORANIT,3760,1,Tie
ORTAL,4013,1,Blue White dominance
OZEM,32,1,Ultra Orthodox
PA'AME TASHAZ,2059,1,Likud Dominance
PALMAHIM,597,1,Left
PARAN,1151,1,Blue White dominance
PARDES HANNA-KARKUR,1071,5,Likud Dominance
PARDES HANNA-KARKUR,7800,1,Blue White dominance
PARDES HANNA-KARKUR,7800,2,Tie
PARDES HANNA-KARKUR,7800,3,Tie
PARDES HANNA-KARKUR,7800,4,Tie
PARDES HANNA-KARKUR,7800,6,Tie
PARDES HANNA-KARKUR,7800,8,Likud Dominance
PARDES HANNA-KARKUR,7800,9,Tie
PARDESIYYA,171,1,Blue White dominance
PARDESIYYA,7400,1,Likud Dominance
PAROD,599,1,Left
PATTISH,749,1,Likud Dominance
PEDAYA,838,1,Likud Dominance
PEDUYIM,750,1,Likud Dominance
PEQI'IN (BUQEI'A),536,1,Tie
PEQI'IN HADASHA,281,1,Likud Dominance
PERAZON,2053,1,Likud Dominance
PERI GAN,1231,1,Likud Dominance
PETAH TIQWA,2620,131,Blue White dominance
PETAH TIQWA,7900,111,Tie
PETAH TIQWA,7900,112,Religious
PETAH TIQWA,7900,113,Likud Dominance
PETAH TIQWA,7900,114,Tie
PETAH TIQWA,7900,115,Tie
PETAH TIQWA,7900,121,Blue White dominance
PETAH TIQWA,7900,122,Tie
PETAH TIQWA,7900,123,Blue White dominance
PETAH TIQWA,7900,127,Likud Dominance
PETAH TIQWA,7900,131,Tie
PETAH TIQWA,7900,132,Tie
PETAH TIQWA,7900,133,Tie
PETAH TIQWA,7900,134,Tie
PETAH TIQWA,7900,141,Religious
PETAH TIQWA,7900,144,Tie
PETAH TIQWA,7900,145,Tie
PETAH TIQWA,7900,211,Religious
PETAH TIQWA,7900,212,Religious
PETAH TIQWA,7900,221,Religious
PETAH TIQWA,7900,223,Religious
PETAH TIQWA,7900,233,Tie
PETAH TIQWA,7900,235,Tie
PETAH TIQWA,7900,236,Tie
PETAH TIQWA,7900,311,Tie
PETAH TIQWA,7900,312,Tie
PETAH TIQWA,7900,321,Tie
PETAH TIQWA,7900,324,Tie
PETAH TIQWA,7900,411,Tie
PETAH TIQWA,7900,413,Likud Dominance
PETAH TIQWA,7900,414,Likud Dominance
PETAH TIQWA,7900,415,Likud Dominance
PETAH TIQWA,7900,421,Likud Dominance
PETAH TIQWA,7900,424,Tie
PETAH TIQWA,7900,431,Likud Dominance
PETAH TIQWA,7900,432,Tie
PETAH TIQWA,7900,433,Tie
PETAH TIQWA,7900,512,Religious
PETAH TIQWA,7900,513,Likud Dominance
PETAH TIQWA,7900,514,Likud Dominance
PETAH TIQWA,7900,516,Tie
PETAH TIQWA,7900,522,Religious
PETAH TIQWA,7900,524,Ultra Orthodox
PETAH TIQWA,9700,111,Blue White dominance
PETAHYA,839,1,Likud Dominance
PEZA'EL,3615,1,Tie
PORAT,767,1,Likud Dominance
PORIYYA-KEFAR AVODA,1104,1,Likud Dominance
PORIYYA ILLIT,1313,1,Likud Dominance
QADDARIM,1211,1,Left
QADIMA-ZORAN,168,1,Likud Dominance
QADIMA-ZORAN,195,1,Blue White dominance
QADIMA-ZORAN,195,2,Blue White dominance
QADIMA-ZORAN,195,3,Blue White dominance
QADIMA-ZORAN,195,4,Tie
QADIMA-ZORAN,195,5,Likud Dominance
QADIMA-ZORAN,7400,5,Likud Dominance
QALANSAWE,638,1,Arabs
QALANSAWE,638,2,Arabs
QALYA,3601,1,Blue White dominance
QARNE SHOMERON,3640,1,Religious
QASR A-SIR,1169,1,Arabs
QASR A-SIR,1347,1,Arabs
QAZIR-HARISH,1243,1,Blue White dominance
QAZIR-HARISH,1247,1,Tie
QAZIR-HARISH,1370,1,Religious
QAZRIN,4100,1,Tie
QEDUMIM,3557,1,Religious
QELA,4024,1,Blue White dominance
QELAHIM,414,1,Tie
QESHET,4006,1,Religious
QETURA,1052,1,Left
QEVUZAT YAVNE,334,1,Religious
QIDMAT ZEVI,4025,1,Blue White dominance
QIDRON,615,1,Blue White dominance
QIRYAT ANAVIM,78,1,Left
QIRYAT ARBA,3611,1,Religious
QIRYAT ATTA,6800,11,Tie
QIRYAT ATTA,6800,12,Likud Dominance
QIRYAT ATTA,6800,13,Likud Dominance
QIRYAT ATTA,6800,14,Likud Dominance
QIRYAT ATTA,6800,21,Likud Dominance
QIRYAT ATTA,6800,22,Likud Dominance
QIRYAT ATTA,6800,23,Likud Dominance
QIRYAT ATTA,6800,24,Likud Dominance
QIRYAT ATTA,6800,25,Likud Dominance
QIRYAT ATTA,6800,31,Likud Dominance
QIRYAT ATTA,6800,32,Likud Dominance
QIRYAT BIALIK,8200,3,Tie
QIRYAT BIALIK,9500,2,Likud Dominance
QIRYAT BIALIK,9500,3,Tie
QIRYAT BIALIK,9500,5,Tie
QIRYAT BIALIK,9500,6,Tie
QIRYAT BIALIK,9500,7,Tie
QIRYAT BIALIK,9500,8,Blue White dominance
QIRYAT BIALIK,9500,9,Tie
QIRYAT BIALIK,9500,11,Tie
QIRYAT EQRON,469,2,Likud Dominance
QIRYAT EQRON,469,3,Likud Dominance
QIRYAT GAT,340,22,Left
QIRYAT GAT,2630,12,Likud Dominance
QIRYAT GAT,2630,14,Likud Dominance
QIRYAT GAT,2630,15,Likud Dominance
QIRYAT GAT,2630,21,Likud Dominance
QIRYAT GAT,2630,22,Likud Dominance
QIRYAT GAT,2630,23,Likud Dominance
QIRYAT GAT,2630,24,Likud Dominance
QIRYAT GAT,2630,25,Likud Dominance
QIRYAT GAT,2630,31,Ultra Orthodox
QIRYAT GAT,2630,32,Ultra Orthodox
QIRYAT GAT,2630,33,Likud Dominance
QIRYAT GAT,2630,34,Likud Dominance
QIRYAT GAT,2630,36,Likud Dominance
QIRYAT MAL'AKHI,1034,2,Likud Dominance
QIRYAT MAL'AKHI,1034,3,Likud Dominance
QIRYAT MAL'AKHI,1034,4,Likud Dominance
QIRYAT MAL'AKHI,1034,5,Likud Dominance
QIRYAT MAL'AKHI,1034,6,Likud Dominance
QIRYAT MAL'AKHI,1034,7,Ultra Orthodox
QIRYAT MOTZKIN,4000,34,Tie
QIRYAT MOTZKIN,8200,11,Tie
QIRYAT MOTZKIN,8200,12,Tie
QIRYAT MOTZKIN,8200,13,Tie
QIRYAT MOTZKIN,8200,14,Tie
QIRYAT MOTZKIN,8200,22,Tie
QIRYAT MOTZKIN,8200,23,Likud Dominance
QIRYAT MOTZKIN,8200,32,Tie
QIRYAT MOTZKIN,8200,34,Tie
QIRYAT ONO,681,1,Religious
QIRYAT ONO,2620,1,Blue White dominance
QIRYAT ONO,2620,2,Blue White dominance
QIRYAT ONO,2620,3,Tie
QIRYAT ONO,2620,4,Tie
QIRYAT ONO,2620,6,Blue White dominance
QIRYAT ONO,2620,8,Blue White dominance
QIRYAT SHEMONA,2800,2,Likud Dominance
QIRYAT SHEMONA,2800,3,Likud Dominance
QIRYAT SHEMONA,2800,4,Likud Dominance
QIRYAT SHEMONA,2800,5,Likud Dominance
QIRYAT SHEMONA,2800,6,Likud Dominance
QIRYAT SHEMONA,2800,10,Likud Dominance
QIRYAT TIV'ON,353,3,Left
QIRYAT TIV'ON,2300,1,Blue White dominance
QIRYAT TIV'ON,2300,2,Left
QIRYAT TIV'ON,2300,3,Blue White dominance
QIRYAT TIV'ON,2300,4,Tie
QIRYAT TIV'ON,3565,2,Likud Dominance
QIRYAT YAM,9600,11,Tie
QIRYAT YAM,9600,12,Likud Dominance
QIRYAT YAM,9600,13,Likud Dominance
QIRYAT YAM,9600,14,Tie
QIRYAT YAM,9600,21,Likud Dominance
QIRYAT YAM,9600,23,Likud Dominance
QIRYAT YAM,9600,25,Likud Dominance
QIRYAT YAM,9600,31,Likud Dominance
QIRYAT YAM,9600,32,Likud Dominance
QIRYAT YAM,9600,33,Likud Dominance
QIRYAT YE'ARIM,1137,1,Ultra Orthodox
QOMEMIYYUT,766,1,Ultra Orthodox
QORANIT,1179,1,Left
RA'ANNANA,8700,12,Tie
RA'ANNANA,8700,14,Religious
RA'ANNANA,8700,15,Tie
RA'ANNANA,8700,17,Tie
RA'ANNANA,8700,19,Blue White dominance
RA'ANNANA,8700,21,Tie
RA'ANNANA,8700,22,Tie
RA'ANNANA,8700,24,Blue White dominance
RA'ANNANA,8700,25,Blue White dominance
RA'ANNANA,8700,26,Tie
RA'ANNANA,8700,27,Blue White dominance
RA'ANNANA,8700,31,Blue White dominance
RA'ANNANA,8700,32,Blue White dominance
RA'ANNANA,8700,33,Blue White dominance
RA'ANNANA,8700,34,Tie
RA'ANNANA,8700,36,Tie
RA'ANNANA,9700,36,Blue White dominance
RAHAT,1161,1,Arabs
RAHAT,1161,3,Arabs
RAHAT,1161,5,Arabs
RAHAT,1161,7,Arabs
RAHAT,1161,8,Arabs
RAHAT,1161,9,Arabs
RAHAT,1161,11,Arabs
RAM-ON,1069,1,Blue White dominance
RAMAT DAWID,135,1,Left
RAMAT DAWID,1413,1,Tie
RAMAT GAN,464,125,Left
RAMAT GAN,681,323,Blue White dominance
RAMAT GAN,5000,413,Likud Dominance
RAMAT GAN,8600,112,Blue White dominance
RAMAT GAN,8600,113,Tie
RAMAT GAN,8600,115,Tie
RAMAT GAN,8600,121,Blue White dominance
RAMAT GAN,8600,123,Blue White dominance
RAMAT GAN,8600,125,Blue White dominance
RAMAT GAN,8600,132,Blue White dominance
RAMAT GAN,8600,133,Blue White dominance
RAMAT GAN,8600,134,Blue White dominance
RAMAT GAN,8600,135,Tie
RAMAT GAN,8600,136,Tie
RAMAT GAN,8600,137,Blue White dominance
RAMAT GAN,8600,138,Tie
RAMAT GAN,8600,212,Tie
RAMAT GAN,8600,213,Blue White dominance
RAMAT GAN,8600,216,Blue White dominance
RAMAT GAN,8600,221,Tie
RAMAT GAN,8600,222,Tie
RAMAT GAN,8600,223,Blue White dominance
RAMAT GAN,8600,224,Tie
RAMAT GAN,8600,225,Tie
RAMAT GAN,8600,321,Tie
RAMAT GAN,8600,322,Tie
RAMAT GAN,8600,324,Tie
RAMAT GAN,8600,325,Tie
RAMAT GAN,8600,411,Blue White dominance
RAMAT GAN,8600,412,Tie
RAMAT GAN,8600,414,Blue White dominance
RAMAT GAN,8600,416,Blue White dominance
RAMAT GAN,8600,417,Blue White dominance
RAMAT HAKOVESH,184,1,Left
RAMAT HASHARON,2650,11,Tie
RAMAT HASHARON,2650,13,Tie
RAMAT HASHARON,2650,14,Blue White dominance
RAMAT HASHARON,2650,21,Blue White dominance
RAMAT HASHARON,2650,22,Blue White dominance
RAMAT HASHARON,2650,23,Blue White dominance
RAMAT HASHARON,2650,31,Blue White dominance
RAMAT HASHARON,2650,32,Blue White dominance
RAMAT HASHARON,2650,33,Blue White dominance
RAMAT HASHARON,2650,36,Blue White dominance
RAMAT HASHOFET,335,1,Left
RAMAT MAGSHIMIM,4701,1,Religious
RAMAT RAHEL,127,1,Blue White dominance
RAMAT RAZI'EL,460,1,Left
RAMAT YISHAY,122,1,Blue White dominance
RAMAT YISHAY,2300,1,Left
RAMAT YOHANAN,178,1,Left
RAMAT ZEVI,339,1,Blue White dominance
RAME,543,1,Arabs
RAMLA,8400,31,Tie
RAMLA,8500,11,Arabs
RAMLA,8500,13,Likud Dominance
RAMLA,8500,14,Arabs
RAMLA,8500,16,Arabs
RAMLA,8500,17,Likud Dominance
RAMLA,8500,21,Likud Dominance
RAMLA,8500,23,Tie
RAMLA,8500,24,Likud Dominance
RAMLA,8500,31,Likud Dominance
RAMLA,8500,32,Likud Dominance
RAMLA,8500,34,Likud Dominance
RAMLA,8500,35,Likud Dominance
RAMLA,8500,41,Likud Dominance
RAMLA,8500,42,Likud Dominance
RAMLA,8500,43,Likud Dominance
RAMLA,8500,44,Arabs
RAMOT,4702,1,Blue White dominance
RAMOT HASHAVIM,206,1,Blue White dominance
RAMOT ME'IR,735,1,Blue White dominance
RAMOT MENASHE,445,1,Left
RAMOT NAFTALI,372,1,Blue White dominance
RANNEN,789,1,Tie
RAQQEFET,1228,1,Blue White dominance
RAS AL-EIN,1334,1,Arabs
RAS ALI,990,1,Arabs
RE'IM,713,1,Left
REGAVIM,444,1,Left
REGBA,390,1,Blue White dominance
REHAN,3568,1,Tie
REHOVOT,363,211,Religious
REHOVOT,854,423,Likud Dominance
REHOVOT,8400,116,Tie
REHOVOT,8400,117,Ultra Orthodox
REHOVOT,8400,121,Tie
REHOVOT,8400,122,Blue White dominance
REHOVOT,8400,123,Blue White dominance
REHOVOT,8400,124,Religious
REHOVOT,8400,211,Religious
REHOVOT,8400,212,Ultra Orthodox
REHOVOT,8400,214,Tie
REHOVOT,8400,221,Tie
REHOVOT,8400,222,Likud Dominance
REHOVOT,8400,311,Blue White dominance
REHOVOT,8400,312,Tie
REHOVOT,8400,313,Likud Dominance
REHOVOT,8400,322,Likud Dominance
REHOVOT,8400,411,Tie
REHOVOT,8400,412,Tie
REHOVOT,8400,413,Blue White dominance
REHOVOT,8400,421,Blue White dominance
REHOVOT,8400,424,Blue White dominance
REHOVOT,8400,425,Tie
REHOVOT,8400,431,Tie
REHOVOT,8400,432,Likud Dominance
REIHANIYYE,540,1,Blue White dominance
REINE,542,1,Arabs
REKHASIM,922,1,Ultra Orthodox
RESHAFIM,437,1,Left
RETAMIM,1260,1,Religious
REVADIM,564,1,Left
REVIVIM,354,1,Left
REWAHA,2051,1,Likud Dominance
REWAYA,2016,1,Likud Dominance
RINNATYA,257,1,Tie
RINNATYA,616,1,Tie
RISHON LEZIYYON,8300,114,Tie
RISHON LEZIYYON,8300,115,Tie
RISHON LEZIYYON,8300,116,Tie
RISHON LEZIYYON,8300,122,Tie
RISHON LEZIYYON,8300,123,Tie
RISHON LEZIYYON,8300,125,Tie
RISHON LEZIYYON,8300,126,Tie
RISHON LEZIYYON,8300,211,Tie
RISHON LEZIYYON,8300,212,Likud Dominance
RISHON LEZIYYON,8300,213,Likud Dominance
RISHON LEZIYYON,8300,214,Tie
RISHON LEZIYYON,8300,215,Tie
RISHON LEZIYYON,8300,221,Tie
RISHON LEZIYYON,8300,222,Tie
RISHON LEZIYYON,8300,223,Tie
RISHON LEZIYYON,8300,224,Tie
RISHON LEZIYYON,8300,311,Tie
RISHON LEZIYYON,8300,312,Tie
RISHON LEZIYYON,8300,315,Tie
RISHON LEZIYYON,8300,412,Tie
RISHON LEZIYYON,8300,422,Tie
RISHON LEZIYYON,8300,423,Tie
RISHON LEZIYYON,8300,424,Blue White dominance
RISHON LEZIYYON,8300,425,Tie
RISHON LEZIYYON,8300,426,Tie
RISHON LEZIYYON,8300,511,Likud Dominance
RISHON LEZIYYON,8300,512,Likud Dominance
RISHON LEZIYYON,8300,514,Blue White dominance
RISHON LEZIYYON,8300,515,Tie
RISHON LEZIYYON,8300,516,Tie
RISHON LEZIYYON,8300,521,Tie
RISHON LEZIYYON,8300,523,Tie
RISHON LEZIYYON,8300,524,Tie
RISHON LEZIYYON,8300,531,Tie
RISHON LEZIYYON,8300,532,Tie
RISHON LEZIYYON,8300,533,Tie
RISHON LEZIYYON,8300,534,Tie
RISHON LEZIYYON,8300,611,Tie
RISHON LEZIYYON,8300,614,Tie
RISHON LEZIYYON,8300,616,Tie
RISHON LEZIYYON,8300,617,Tie
RISHON LEZIYYON,8300,623,Tie
RISHON LEZIYYON,8300,624,Likud Dominance
RISHPON,247,1,Blue White dominance
RO'I,3619,1,Tie
ROSH HAAYIN,2640,2,Likud Dominance
ROSH HAAYIN,2640,3,Likud Dominance
ROSH HAAYIN,2640,4,Tie
ROSH HAAYIN,2640,5,Likud Dominance
ROSH HAAYIN,2640,6,Likud Dominance
ROSH HAAYIN,2640,7,Likud Dominance
ROSH HAAYIN,2640,8,Blue White dominance
ROSH HAAYIN,2640,9,Tie
ROSH HAAYIN,2640,11,Blue White dominance
ROSH HAAYIN,2640,12,Blue White dominance
ROSH HAAYIN,2640,13,Tie
ROSH PINNA,26,1,Tie
ROSH ZURIM,3602,1,Religious
RUHAMA,362,1,Left
RUMAT HEIB,997,1,Arabs
RUMMANE,539,1,Arabs
SA'AD,419,1,Religious
SA'AR,454,1,Blue White dominance
SAJUR,525,1,Left
SAKHNIN,7500,1,Arabs
SAKHNIN,7500,5,Arabs
SAKHNIN,7500,6,Arabs
SAKHNIN,7500,7,Arabs
SAMAR,1156,1,Left
SANDALA,636,1,Arabs
SARID,126,1,Left
SASA,578,1,Left
SAVYON,587,1,Blue White dominance
SAVYON,2620,1,Tie
SEDE AVRAHAM,1223,1,Blue White dominance
SEDE BOQER,885,1,Left
SEDE DAWID,36,1,Likud Dominance
SEDE ELI'EZER,861,1,Tie
SEDE ELIYYAHU,304,1,Religious
SEDE HEMED,2015,1,Blue White dominance
SEDE ILAN,721,1,Religious
SEDE MOSHE,18,1,Blue White dominance
SEDE NAHUM,259,1,Blue White dominance
SEDE NEHEMYA,329,1,Blue White dominance
SEDE NIZZAN,1058,1,Left
SEDE TERUMOT,2057,1,Likud Dominance
SEDE UZZIYYAHU,739,1,Likud Dominance
SEDE WARBURG,284,1,Blue White dominance
SEDE YA'AQOV,142,1,Religious
SEDE YIZHAQ,2008,1,Blue White dominance
SEDE YO'AV,293,1,Left
SEDE ZEVI,2049,1,Likud Dominance
SEDEROT,1031,2,Likud Dominance
SEDEROT,1031,3,Likud Dominance
SEDEROT,1031,4,Likud Dominance
SEDEROT,1031,5,Likud Dominance
SEDEROT,1031,6,Religious
SEDEROT,1031,7,Likud Dominance
SEDOT MIKHA,27,1,Likud Dominance
SEDOT YAM,327,1,Blue White dominance
SEGEV,917,1,Left
SEGEV-SHALOM,1286,1,Arabs
SEGULLA,1133,1,Tie
SEGULLA,2046,1,Blue White dominance
SENIR,1132,1,Left
SHA'AB,538,1,Arabs
SHA'AL,4009,1,Blue White dominance
SHA'ALVIM,856,1,Religious
SHA'AR EFRAYIM,661,1,Tie
SHA'AR HAAMAQIM,237,1,Left
SHA'AR HAGOLAN,264,1,Left
SHADMOT DEVORA,306,1,Blue White dominance
SHAFIR,692,1,Religious
SHAGHOR,483,5,Arabs
SHAGHOR,490,2,Arabs
SHAGHOR,516,6,Arabs
SHAHAR,7,1,Tie
SHAHARUT,1266,1,Left
SHAMERAT,432,1,Left
SHAMIR,366,1,Left
SHAQED,3649,1,Tie
SHARONA,292,1,Blue White dominance
SHARSHERET,398,1,Likud Dominance
SHAVE SHOMERON,3571,1,Religious
SHAVE ZIYYON,282,1,Blue White dominance
SHE'AR YASHUV,324,1,Blue White dominance
SHEDEMA,555,1,Blue White dominance
SHEFAR'AM,8800,7,Arabs
SHEFAYIM,232,1,Left
SHEFAYIM,1324,1,Blue White dominance
SHEFER,846,1,Likud Dominance
SHEIKH DANNUN,658,1,Arabs
SHEKHANYA,1160,1,Left
SHELOMI,812,1,Likud Dominance
SHELUHOT,439,1,Religious
SHEQEF,1233,1,Blue White dominance
SHETULA,1045,1,Likud Dominance
SHETULIM,763,1,Likud Dominance
SHEZOR,527,1,Likud Dominance
SHIBBOLIM,865,1,Likud Dominance
SHILAT,1165,1,Blue White dominance
SHIMSHIT,1337,1,Blue White dominance
SHO'EVA,741,1,Tie
SHOHAM,1304,1,Blue White dominance
SHOHAM,1304,2,Tie
SHOHAM,1304,3,Religious
SHOMERA,614,1,Likud Dominance
SHOMERIYYA,1265,1,Religious
SHOQEDA,415,1,Religious
SHORASHIM,1235,1,Blue White dominance
SHOVAL,394,1,Left
SHUVA,761,1,Religious
SITRIYYA,610,1,Blue White dominance
SITRIYYA,2530,1,Tie
SRIGIM (LI-ON),1114,1,Left
SUFA,1238,1,Left
SUSEYA,3756,1,Religious
TA'OZ,752,1,Likud Dominance
TAL-EL,1181,1,Blue White dominance
TAL SHAHAR,462,1,Blue White dominance
TALME BILU,2050,1,Likud Dominance
TALME EL'AZAR,2003,1,Blue White dominance
TALME ELIYYAHU,1046,1,Tie
TALME ELIYYAHU,1051,1,Likud Dominance
TALME YAFE,744,1,Tie
TALME YEHI'EL,727,1,Tie
TALME YOSEF,1237,1,Blue White dominance
TAMRA,8900,2,Arabs
TAMRA (YIZRE'EL),547,1,Arabs
TARABIN AS-SANI,970,1,Arabs
TARABIN AS-SANI,1346,1,Arabs
TARUM,778,1,Religious
TAYIBE,2730,3,Arabs
TAYIBE,2730,4,Arabs
TAYIBE(BAEMEQ),497,1,Arabs
TE'ASHUR,2062,1,Tie
TEFAHOT,1214,1,Religious
TEL ADASHIM,103,1,Blue White dominance
TEL AVIV - YAFO,303,216,Left
TEL AVIV - YAFO,819,623,Blue White dominance
TEL AVIV - YAFO,1241,411,Tie
TEL AVIV - YAFO,2620,131,Tie
TEL AVIV - YAFO,5000,112,Blue White dominance
TEL AVIV - YAFO,5000,113,Blue White dominance
TEL AVIV - YAFO,5000,114,Blue White dominance
TEL AVIV - YAFO,5000,115,Blue White dominance
TEL AVIV - YAFO,5000,121,Blue White dominance
TEL AVIV - YAFO,5000,122,Blue White dominance
TEL AVIV - YAFO,5000,124,Blue White dominance
TEL AVIV - YAFO,5000,125,Blue White dominance
TEL AVIV - YAFO,5000,132,Blue White dominance
TEL AVIV - YAFO,5000,133,Left
TEL AVIV - YAFO,5000,134,Left
TEL AVIV - YAFO,5000,135,Left
TEL AVIV - YAFO,5000,211,Blue White dominance
TEL AVIV - YAFO,5000,212,Blue White dominance
TEL AVIV - YAFO,5000,213,Blue White dominance
TEL AVIV - YAFO,5000,214,Blue White dominance
TEL AVIV - YAFO,5000,215,Blue White dominance
TEL AVIV - YAFO,5000,216,Blue White dominance
TEL AVIV - YAFO,5000,222,Blue White dominance
TEL AVIV - YAFO,5000,224,Blue White dominance
TEL AVIV - YAFO,5000,226,Tie
TEL AVIV - YAFO,5000,232,Blue White dominance
TEL AVIV - YAFO,5000,233,Blue White dominance
TEL AVIV - YAFO,5000,312,Blue White dominance
TEL AVIV - YAFO,5000,314,Blue White dominance
TEL AVIV - YAFO,5000,315,Blue White dominance
TEL AVIV - YAFO,5000,316,Blue White dominance
TEL AVIV - YAFO,5000,317,Blue White dominance
TEL AVIV - YAFO,5000,322,Blue White dominance
TEL AVIV - YAFO,5000,324,Left
TEL AVIV - YAFO,5000,325,Blue White dominance
TEL AVIV - YAFO,5000,326,Blue White dominance
TEL AVIV - YAFO,5000,334,Blue White dominance
TEL AVIV - YAFO,5000,337,Blue White dominance
TEL AVIV - YAFO,5000,346,Left
TEL AVIV - YAFO,5000,411,Blue White dominance
TEL AVIV - YAFO,5000,413,Blue White dominance
TEL AVIV - YAFO,5000,414,Left
TEL AVIV - YAFO,5000,415,Left
TEL AVIV - YAFO,5000,421,Blue White dominance
TEL AVIV - YAFO,5000,422,Blue White dominance
TEL AVIV - YAFO,5000,423,Blue White dominance
TEL AVIV - YAFO,5000,425,Blue White dominance
TEL AVIV - YAFO,5000,431,Blue White dominance
TEL AVIV - YAFO,5000,432,Left
TEL AVIV - YAFO,5000,433,Left
TEL AVIV - YAFO,5000,436,Blue White dominance
TEL AVIV - YAFO,5000,437,Blue White dominance
TEL AVIV - YAFO,5000,513,Left
TEL AVIV - YAFO,5000,514,Blue White dominance
TEL AVIV - YAFO,5000,515,Left
TEL AVIV - YAFO,5000,516,Left
TEL AVIV - YAFO,5000,521,Blue White dominance
TEL AVIV - YAFO,5000,523,Blue White dominance
TEL AVIV - YAFO,5000,531,Left
TEL AVIV - YAFO,5000,533,Tie
TEL AVIV - YAFO,5000,544,Left
TEL AVIV - YAFO,5000,552,Blue White dominance
TEL AVIV - YAFO,5000,554,Left
TEL AVIV - YAFO,5000,611,Left
TEL AVIV - YAFO,5000,612,Left
TEL AVIV - YAFO,5000,613,Blue White dominance
TEL AVIV - YAFO,5000,622,Blue White dominance
TEL AVIV - YAFO,5000,625,Tie
TEL AVIV - YAFO,5000,712,Left
TEL AVIV - YAFO,5000,715,Blue White dominance
TEL AVIV - YAFO,5000,723,Arabs
TEL AVIV - YAFO,5000,725,Arabs
TEL AVIV - YAFO,5000,731,Left
TEL AVIV - YAFO,5000,732,Arabs
TEL AVIV - YAFO,5000,733,Arabs
TEL AVIV - YAFO,5000,734,Arabs
TEL AVIV - YAFO,5000,735,Likud Dominance
TEL AVIV - YAFO,5000,736,Tie
TEL AVIV - YAFO,5000,741,Arabs
TEL AVIV - YAFO,5000,742,Likud Dominance
TEL AVIV - YAFO,5000,743,Likud Dominance
TEL AVIV - YAFO,5000,744,Likud Dominance
TEL AVIV - YAFO,5000,745,Tie
TEL AVIV - YAFO,5000,746,Likud Dominance
TEL AVIV - YAFO,5000,747,Tie
TEL AVIV - YAFO,5000,812,Left
TEL AVIV - YAFO,5000,814,Left
TEL AVIV - YAFO,5000,822,Left
TEL AVIV - YAFO,5000,823,Tie
TEL AVIV - YAFO,5000,831,Left
TEL AVIV - YAFO,5000,832,Likud Dominance
TEL AVIV - YAFO,5000,833,Likud Dominance
TEL AVIV - YAFO,5000,911,Blue White dominance
TEL AVIV - YAFO,5000,915,Tie
TEL AVIV - YAFO,5000,916,Tie
TEL AVIV - YAFO,5000,921,Tie
TEL AVIV - YAFO,5000,922,Tie
TEL AVIV - YAFO,5000,923,Tie
TEL AVIV - YAFO,5000,924,Likud Dominance
TEL AVIV - YAFO,5000,926,Tie
TEL AVIV - YAFO,5000,927,Tie
TEL AVIV - YAFO,5000,929,Tie
TEL AVIV - YAFO,5000,932,Likud Dominance
TEL AVIV - YAFO,5000,934,Likud Dominance
TEL AVIV - YAFO,5000,935,Likud Dominance
TEL AVIV - YAFO,5000,936,Likud Dominance
TEL AVIV - YAFO,5000,941,Likud Dominance
TEL AVIV - YAFO,5000,943,Likud Dominance
TEL AVIV - YAFO,5000,944,Likud Dominance
TEL AVIV - YAFO,5000,946,Tie
TEL AVIV - YAFO,5000,947,Tie
TEL MOND,154,1,Blue White dominance
TEL MOND,162,1,Blue White dominance
TEL QAZIR,719,1,Left
TEL SHEVA,961,2,Arabs
TEL SHEVA,1054,1,Arabs
TEL SHEVA,1054,2,Arabs
TEL SHEVA,1054,3,Arabs
TEL TE'OMIM,1283,1,Likud Dominance
TEL YIZHAQ,1024,1,Tie
TEL YOSEF,84,1,Left
TELALIM,1177,1,Blue White dominance
TELAMIM,814,1,Likud Dominance
TELEM,3719,1,Religious
TENUVOT,2002,1,Tie
TEQUMA,665,1,Religious
TIBERIAS,6700,11,Likud Dominance
TIBERIAS,6700,12,Ultra Orthodox
TIBERIAS,6700,13,Ultra Orthodox
TIBERIAS,6700,14,Likud Dominance
TIBERIAS,6700,15,Likud Dominance
TIBERIAS,6700,21,Likud Dominance
TIBERIAS,6700,22,Likud Dominance
TIBERIAS,6700,24,Likud Dominance
TIBERIAS,6700,25,Likud Dominance
TIBERIAS,6700,31,Likud Dominance
TIBERIAS,6700,33,Likud Dominance
TIBERIAS,6700,34,Likud Dominance
TIBERIAS,6700,36,Ultra Orthodox
TIDHAR,2061,1,Likud Dominance
TIFRAH,709,1,Ultra Orthodox
TIMMORIM,163,1,Blue White dominance
TIMRAT,1244,1,Blue White dominance
TIRAT KARMEL,2100,1,Likud Dominance
TIRAT KARMEL,2100,3,Likud Dominance
TIRAT KARMEL,2100,4,Likud Dominance
TIRAT KARMEL,2100,5,Likud Dominance
TIRAT KARMEL,2100,6,Likud Dominance
TIRAT KARMEL,2100,7,Likud Dominance
TIRAT KARMEL,3656,5,Religious
TIRAT YEHUDA,663,1,Religious
TIRAT ZEVI,268,1,Religious
TIRE,2720,1,Arabs
TIRE,2720,8,Arabs
TOMER,3558,1,Tie
TUBA-ZANGARIYYE,962,1,Arabs
TUR'AN,498,3,Arabs
TUSHIYYA,1083,1,Religious
TUVAL,1172,1,Left
UDIM,154,1,Blue White dominance
UDIM,446,1,Blue White dominance
UMM AL-FAHM,2710,11,Arabs
UMM AL-FAHM,2710,15,Arabs
UMM AL-FAHM,2710,31,Arabs
UMM AL-FAHM,2710,33,Arabs
UMM AL-FAHM,2710,34,Arabs
UMM AL-QUTUF,2024,1,Arabs
UMM BATIN,1358,1,Arabs
URIM,403,1,Left
USHA,278,1,Blue White dominance
UZA,826,1,Likud Dominance
UZEIR,528,1,Arabs
YA'AD,1138,1,Left
YA'ARA,795,1,Likud Dominance
YAD BINYAMIN,577,1,Religious
YAD HANNA,758,1,Blue White dominance
YAD MORDEKHAY,358,1,Left
YAD NATAN,775,1,Blue White dominance
YAD RAMBAM,64,1,Likud Dominance
YAFIT,3566,1,Likud Dominance
YAGEL,798,1,Likud Dominance
YAGUR,96,1,Left
YAHEL,1158,1,Left
YAKHINI,811,1,Likud Dominance
YANUH-JAT,1295,1,Tie
YANUV,168,1,Tie
YANUV,753,1,Tie
YAQUM,417,1,Left
YARDENA,2026,1,Likud Dominance
YARHIV,718,1,Likud Dominance
YARQONA,183,1,Blue White dominance
YAS'UR,575,1,Left
YASHRESH,828,1,Likud Dominance
YATED,1227,1,Tie
YAVNE,2550,2,Tie
YAVNE,2660,2,Blue White dominance
YAVNE,2660,3,Tie
YAVNE,2660,4,Likud Dominance
YAVNE,2660,5,Likud Dominance
YAVNE,2660,6,Likud Dominance
YAVNE,2660,7,Likud Dominance
YAVNE,2660,8,Tie
YAVNE,2660,9,Tie
YAVNE'EL,46,1,Ultra Orthodox
YAZIZ,759,1,Likud Dominance
YEHI'AM,409,1,Left
YEHUD,681,6,Religious
YEHUD,2400,8,Likud Dominance
YEHUD,9400,1,Tie
YEHUD,9400,3,Likud Dominance
YEHUD,9400,4,Tie
YEHUD,9400,5,Likud Dominance
YEHUD,9400,6,Tie
YEHUD,9400,7,Blue White dominance
YEHUD,9400,8,Blue White dominance
YEROHAM,831,1,Likud Dominance
YESHA,916,1,Tie
YESODOT,440,1,Ultra Orthodox
YESODOT,1372,1,Religious
YESUD HAMA'ALA,29,1,Blue White dominance
YEVUL,1232,1,Blue White dominance
YIFTAH,453,1,Blue White dominance
YINNON,2011,1,Likud Dominance
YIR'ON,623,1,Left
YIRKA,502,2,Tie
YITAV,3607,1,Religious
YIZRE'EL,452,1,Left
YODEFAT,1112,1,Left
YONATAN,4007,1,Religious
YOQNE'AM ILLIT,240,1,Likud Dominance
YOQNE'AM ILLIT,240,2,Tie
YOQNE'AM ILLIT,240,3,Likud Dominance
YOQNE'AM ILLIT,240,4,Tie
YOQNE'AM ILLIT,240,5,Tie
YOQNE'AM ILLIT,240,6,Tie
YOQNE'AM(MOSHAVA),241,1,Blue White dominance
YOSHIVYA,803,1,Likud Dominance
YUVAL,2009,1,Tie
YUVALLIM,1226,1,Left
ZAFRIYYA,594,1,Religious
ZANOAH,816,1,Likud Dominance
ZARZIR,975,1,Arabs
ZAVDI'EL,815,1,Likud Dominance
ZE'ELIM,413,1,Left
ZEFAT,8000,2,Likud Dominance
ZEFAT,8000,3,Ultra Orthodox
ZEFAT,8000,4,Likud Dominance
ZEFAT,8000,5,Ultra Orthodox
ZEFAT,8000,6,Ultra Orthodox
ZEFAT,8000,7,Ultra Orthodox
ZEFAT,8000,8,Likud Dominance
ZEFAT,8000,10,Likud Dominance
ZEFAT,8000,11,Arabs
ZELAFON,796,1,Likud Dominance
ZEMER,1290,1,Arabs
ZERAHYA,818,1,Likud Dominance
ZERU'A,2064,1,Likud Dominance
ZERUFA,612,1,Tie
ZETAN,788,1,Likud Dominance
ZIKHRON YA'AQOV,3655,2,Tie
ZIKHRON YA'AQOV,9300,1,Blue White dominance
ZIKHRON YA'AQOV,9300,2,Blue White dominance
ZIKHRON YA'AQOV,9300,3,Blue White dominance
ZIKHRON YA'AQOV,9300,4,Tie
ZIMRAT,1065,1,Religious
ZIQIM,584,1,Left
ZIV'ON,1213,1,Left
ZOFAR,1150,1,Blue White dominance
ZOFIT,198,1,Blue White dominance
ZOHAR,44,1,Likud Dominance
ZOHAR,1136,1,Tie
ZOR'A,567,1,Left
ZOVA,465,1,Left
ZUFIM,3791,1,Religious
ZUQIM,1262,1,Left
ZUR MOSHE,276,1,Blue White dominance
ZUR NATAN,1148,1,Tie
ZUR NATAN,1345,1,Blue White dominance
ZURI'EL,774,1,Likud Dominance
ZURIT,1221,1,Blue White dominance
ZVIYYA,1180,1,Blue White dominance
